Pair ID;Subreddit;Post ID;Parent Comment ID;Post Title;Post Selftext;Parent — Text;Reply — Text;Include? (yes/no);If no: why exclude?;Perspective (auto/hetero/mixed);"Targets (genz;boomer;genx;millennial)";Parent: Generic/Specific/Unclear;Parent: Valence (neg/pos/mixed/neutral);Parent: Warmth? (0/1);Parent: Competence? (0/1);Parent: Frame (pick one);Parent: If “other”, which?;Parent: Uses group noun (“Boomers/Gen Z”)? (0/1);Parent: Uses adjectival label (“boomerish”)? (0/1);Parent: Quantifier present? (0/1);Parent: Quantifier bucket;Parent: Negation present? (0/1);Parent: Hedge present? (0/1);Parent: Hedge bucket;Parent: Booster present? (0/1);Parent: Booster bucket;Parent: Abstraction (trait/event/mixed/unclear);Parent: Severity (0/1/2);Reply: Stance (support/mitigate/oppose/neutral);Reply: “Not all” challenge? (0/1);Reply: Counterexample? (0/1);Reply: Evidence challenge? (0/1);Reply: Alternative cause? (0/1);Reply: Reframing (“don’t judge”)? (0/1);Reply: Other counter-move? (0/1);Reply: Other counter-move (text);Reply makes its own claim? (0/1);(If Reply makes its own claim = 1) Reply: Generic/Specific/Unclear;Reply: Valence (neg/pos/mixed/neutral);Reply: Warmth? (0/1);Reply: Competence? (0/1);Reply: Frame (pick one);Reply: If “other”, which?;Reply: Uses group noun? (0/1);Reply: Uses adjectival label? (0/1);Reply: Quantifier present? (0/1);Reply: Quantifier Bucket;Reply: Negation present? (0/1);Reply: Hedge present? (0/1);Reply: Hedge bucket;Reply: Booster present? (0/1);Reply: Booster Bucket;Reply: Abstraction (trait/event/mixed/unclear);Reply: Severity (0/1/2);Notes (1 line for edge cases);notes
;BoomersBeingFools;1ojg59m;nm2ve5a;Boomer guy freaked out and abandoned their car when I told them I couldn't fix it.;"For immediate context I work overnight at a gas station in the middle of deep south nowhere surrounded by local and imported boomers (aka retired yankees).

And I'm wrapping up cookie packs at 2am when boomer guy nearly rips the door off rushing into the store.

***""I NEED YOU TO FIX MY CAR!""*** He screams while pointing at the car next to pump 6.

Okay, that's a weird opener but I got my customer service mask on and roll with it.

*Hey that sounds annoying buddy, but I'm not a mechanic. Do you need to call Triple A?*

***""YOU WORK AT A GAS STATION! YOU'RE SUPPOSED TO KNOW HOW TO FIX CARS! NOW GO FIX MY CAR!""***

Screams boomer guy while banging violently on the counter.

Okay, well fuck this guy, am I right? 

So I grab my maglite, ya know the one that's almost two feet long and filled with D cell batteries? Like it's not technically a weapon, but it's pretty much a billy club with a light bulb attached.

I use it to point at the door and tell boomer guy to get out with my loudest angry voice.

And he does.

Boomer guy then leaves his car at the pump and just walked off into the night.

I called the cops to make a report the abandoned car and had the on call tow company pick up the car.

It's more than twelve hours later and I haven't got an update, but yeah that was fucking weird.";The cops ran the plates so they must exist on some level....;The phantom level?;Yes;;hetero;Boomer;Specific;neg;1;1;Work_economy;;1;0;0;;1;0;;0;;Event;1;Neutral;0;0;0;0;0;0;;0;;;;;;;;;;;;;;;;;;"Anecdote about one person (“boomer guy”); noun label present; warmth & competence both implicated; frame=work_economy";
;BoomersBeingFools;1oi2h99;nlsrt2b;"Anyone else work with boomers who start their responses with ""No,"" even when there is no disagreement?";"This may be just coincidental or related to the trades and being part of a small company. I started running jobs pre covid and maybe it has more to do with the dynamic that I was ""low man in the work flow,"" and am not anymore?  But 4 different guys I've worked with for the past 15 years (on and off throughout the years depending on jobsite size) often always start standard normal conversationa or work related responses with, ""No,"" and also all happen to be boomers.

Now, I'll try to explain and give a few examples. Its pretty minor and I've only recently noticed over the last few years and maybe I've just got reddit brain from longterm scrolling since covid. But, again as mentioned above, a lot of small talk conversation responses start with the word ""no,"" and after all these years today I had a light bulb go off and made me think: are these guys ever actually listening,  or always just waiting to get their 2 cents in and be heard? 

Conversations from earlier today. Word for word isn't perfect but will be pretty damn close

Example 1: me: ""Hey, I need you to rough in a few door openings."" 

boomer co worker: ""No. But okay, when I finish getting set up for the day I'll start on the rough opemings."" 

Me: what do you disagree with? What do you mean no?

Boomer: well no, im just saying I'll do that. 

Me: Okay, thanks.  Ill be working on the second floor so let me know when youre done and we will go for coffee after. 


Example 2 (smoke break small talk): 

Boomer: I didnt get around to insuring my bike this summer. 

Me: that sucks man. I I'm thinking of getting my bike license again, i let mine expire after (coworker) died from his motorcycle accident. Wow it's been awhile. I cant believe that happened in 2011.

Boomer: No. *pause* How many years has it been? Anyway, want to hear a piss off? in the 80s i was riding the shoulder and a lady called the police on me and I got a ticket. Bullshit I tell you, you know it's legal to ride the shoulder now? 


Now that im reading this back, yeah, they are just always half assed listening. I'm not even going to bother with anymore examples. The post is long enough as it is and look forward to hearing any similar NO stories.";I have heard that being a Midwest thing, like yah no or no yeah.;"No /s

It’s world wide.";Yes;;hetero;Boomer;Generic;Neg;1;0;work_economy;;1;0;1;;1;1;;0;;Trait;1;Oppose;0;0;0;1;0;0;;0;;;;;;;;;;;;;;;;;;"Generic claim about boomers’ conversational habit; hedged; noun label; alternative-cause reply (regional “yah no / no yeah”)";
;BoomersBeingFools;1ohazwx;nlmm8xj;Im never to old to learn, boomers apperantly are.;"A boomer calls in at my job.
Tells me something i did not know.(about senior phones)

So i reply ""I did not know that"" 
Boomer ""yeah you're never too old to learn""

Boomer then asks a question.
I answer it.

Boomer ""young lady, I'm 88, i don't know how to do that""

Me ""The public library has courses that can help you familiarize yourself with them"" 

Boomer ""young lady, I am 88, I can't""

Me ""I thought you were never too old to learn?""

Boomer ""wow that's rude, I'm 88""

Hears a person in the background

Person takes phone.

Person ""whats the problem? Why arent you helping my mother?"" 

Me ""i am trying to help, but i can't as the help.she wants we don't offer, so i suggested she'd go to the library, they can help her and teach her.

Person ""my mother is 88""

Me ""she did tell me you're never to old to learn""

Person: ""are you [explitive] [slur] ?, i told you.my mother is 88""



Why are they always hiding behind their age, to not do something?";"Basically that indeed.
Partner always says ""for this supposedly greatest generation, they sure want others to do everything for them, makes you wonder if they always been like that and are just stolen valor'ing it""";Hardly anyone alive today is Greatest Generation. My great-aunt just died this week at age 99, and she was one of the youngest. An 88-year old is solidly Silent Generation—and incidentally, that’s five years younger than my father is, and he can still learn things. Although to be fair, my late mother probably would have been just like your Boomer.;Yes;;Hetero;Boomer;Generic;Neg;0;1;Education;;1;0;1;;1;1;;0;;Mixed;1;Mitigate;0;1;0;0;0;1;cohort correction;0;;;;;;;;;;;;;;;;;;"Generic claim about Boomers and learning (education frame). Reply mitigates via cohort correction and a counterexample; slight concession at end about mother ≈ OP’s “Boomer.”";
;okboomer;1fu2k73;lpwscva;The boomer who posted this gas definitely been living under a rock since the 1990s, if not longer.;;Is bacon grease a euphemism for semen, or is there another reference I'm missing?;No I think it’s as it reads, it’s just a way of explaining how they became fat whilst making fun of the person calling them fat;Yes;;Hetero;Boomer;Specific;Neg;0;1;Tech_media;;1;0;0;;0;0;;1;;Trait;1;Neutral;0;0;0;0;0;0;;0;;;;;;;;;;;;;;;;;;"Title carries the generational insult (“boomer… living under a rock since the 1990s”); parent body is just a meaning question. Reply gives a literal explanation; no engagement with stereotype";
;BoomersBeingFools;1ohnjk6;nlp8lx5;Miserable Karen excited about people not receiving their food benefits.;;So she is excited that people will go hungry? I really, really can't stand boomers and MAGA Fools.;"The Actual Me Generation. Creators of such great quotes as ""I Got Mine, Fuck You"" and great actions like getting all they wanted and then pulling up the fucking ladder to make sure noone after them could! And absolute destruction of the planet!";Yes;;Hetero;Boomer;Unclear;Neg;0;0;politics_civics;;1;0;0;;1;0;;0;;Event;1;Support;0;0;0;0;0;0;;1;Generic;Neg;1;0;politics_civics;;1;0;0;;0;0;;0;;Trait;1;"Parent expresses dislike; no explicit group property → genericity=unclear. Reply introduces a new generic claim about the “Me Generation” (treated as boomers) with politics/civics framing; mentions environment secondarily but main thrust is moral/policy (“pulled up the ladder”).";
;BoomersBeingFools;1oh9799;nlmld7s;Colorado Boomer dies from ivermectin;;This is from where I live! And it's definitely on point for the boomers here. I'm surprised there isn't more dying from ivermectin toxicity here. They are all over Nextdoor talking about it for treating covid, when they even admit to covid being a real thing.;I find it strange as well that people would take something for covid when they have always either denied covid was real or that it was just a cold. These days, unless you have underlying issues, I do think covid is waaaaay less severe than the first few years we were dealing with it. You’d think they wouldn’t feel the need to take something like this for it. It’s sad that people are losing family members to such wide misinformation like this. They were old enough for the vaccine, if they felt they were high risk to covid ;Yes;;Hetero;Boomer;Generic;Neg;0;1;health;;1;0;0;;1;0;;1;;Event;1;Support;0;0;0;0;0;0;;0;;;;;;;;;;;;;;;;;;"Generic negative claim about local boomers’ COVID/ivermectin behavior → health_aging; reply supports and discusses misinformation; no reply-side claim";
;okboomer;1m51ux8;n4ayesl;Is it just me, or does the average boomer only act (even in their own interest) when there is a (figurative) gun to their head?;"I've been struggling with this a bit lately, they basically only act when they're backed into a corner.  My parents were in the very forunate position throughout their lives to be able to acquire a lot of property. I have advised them now for decades they need to set this portofolio up properly as a business instead and structure it correctly legally or they will suffer significant tax consequences later in life.  I've basically brought it up to them several times per year for the last several decades.  

Now they are in an absolute panic as the consequences of their inaction is bringing them significant tax implications and other financial issues.  This is compounded by the fact that an accountant, which they were warned about repeatedly, did many things very, very wrong and they are acting as though they're being blindsided by that. 

They have options before them but they still refuse to leave the course they're on, even though it's been demonstrated that it's the worst possible option for them.

Is this just a boomer thing?  Most of my friends all have very similar issues with their boomer aged parents.";"The problem is it's not just my parents.  

It's literally the parents of everyone I know.  Half of my friends are no-contact with their parents.  One of my friends parents was hiding/denying a parkinsons diagnosis from their PHYSICIAN CHILDREN.  The children were actually losing their minds they were so confident in the diagnosis while the parents denied it for 5+ years until they actually found a bottle of parkinsons meds at their parents party.  

If I was talking my parents, maybe one other pair of parents, yea, sure, bad luck.

30+ people from completely unique and differing backgrounds/upbringings?  

That's statistically unlikely...";Your sample size is  small and you don't have a sample design.;Yes;;Hetero;Boomer;Generic;Neg;0;1;family_values;;1;0;0;;0;1;;0;;Trait;0;Oppose;0;0;1;0;0;0;;0;;;;;;;;;;;;;;;;;;"Title is a generic question framed with hedge; examples mention health denial but the core dispute is family/relationship dynamics → chose family_values as primary frame";
;BoomersBeingFools;1oiflum;nlv2nf3;Ok boomer;But also why does he look like he’s crying? 😂;They LOVE making shit up to get mad about. No one wants your basket of ensure and tv dinners, dude. You can return to your recliner in peace.;It’s AI videos being flooded into their feeds depicting “entitled black ppl” threatening to steal their groceries bcs EBT is gone;Yes;;Hetero;Boomer;Generic;Neg;1;0;politics_civics;;1;0;0;;1;0;;0;;Trait;1;Mitigate;0;0;0;1;0;0;;0;;;;;;;;;;;;;;;;;;"Title provides the noun label; parent makes a generic moral claim about “making stuff up.” Reply explains behavior via tech/media exposure (AI videos) → marked alternative cause.";
;okboomer;1f6loq5;ll11wmm;I learned recently that some boomers don’t know how to read;"As somebody who is 26 years old, it’s absolutely baffling to me that there are some people older than 60 years old that don’t know how to read
Like the numbers are going down there are boomers that are learning how to read, but I learned about that there are people older than 30 years old that don’t know how to read when I was told a story from my old landlord, that one of her coworkers was a literate and didn’t know how to read so she basically helped him learn how to read bye Seeing every time he was struggling, she would just pronunciation it a lot clearer

Like if you wanted something from a certain place, and he saw a billboard of like McDonald’s or some thing, he won’t say let’s go to McDonald’s he pointed at the sign and said burger he was in his mid-40s at the time and he didn’t know how to read
He understood logos for the most part like if you saw McDonald’s there’s probably a bad example, but if it wasn’t something he could recognize and knew it I heard it he didn’t know what the word was 
She was in capable of reading books 
He has struggled with general work paperwork. He worked for the city and a government job as a garbage truck driver. 
And he didn’t know how to read 

It’s I completely foreign idea to me, considering that every single person I know knows how to read on the basic level
Like not, everyone understand complex sentence, structure in grammar and big words, and that’s understandable, but there are some people over the age of 60 that cannot read a children’s story book because they never learned how to read and they refused to

The boomer generation is the last generation of a literature people 
Because they like to say that the kids nowadays all they don’t know how to read because it’s auto correct at least they know how to recognize words at least they try to read meanwhile, boomers just gave up at reading because they didn’t need to as kids
So when they got older and we’re required to read, they just continue to be wilfully ignorant like I’m pretty sure it’s a loan number of boomers. Don’t know how to read but I’ve never met a kid that is five years old. That doesn’t know how to read I’ve never heard of the kid who doesn’t have basic reading understanding.
Basic reading and writing is a core function of being a productive human and the boomers don’t know how to read and some of them don’t know how to write";The run-on sentences in this diatribe about illiteracy are stunning.;"A run on sentence is better than what they can do. Some of them don’t even know how to read this
If they saw my post, they wouldn’t be able to read it 

Also, this is Reddit  
If you want to be a grammar Nazi, go be a book, editor like you really should be taking this up with people that make a text to speech

Because it comes off as a run on sentence because it doesn’t put periods in whenever I pause 

And if you want to make fun of me for using text to speech you’re making fun of somebody with ADHD, that if I type things out, it will be more broken English with more spelling, mistakes and less words because I have to type faster than I think and sometimes I think faster than I type and it gets all messed up in the garbage

So I apologize for having a mental issue that caused me to not be able to type fast enough to keep up with my brain

If you want to correct people why don’t you go  somewhere that’s not the internet";Yes;;Hetero;Boomer;Specific;Neutral;0;0;Other;Education;0;0;0;;0;0;;0;;Event;0;Oppose;0;0;0;1;1;0;;1;Generic;Neg;0;1;Education;;0;0;1;;1;0;;0;;Trait ;1;Parent is a writing-quality jab (non-generational). Reply opposes the jab and also makes a generic negative claim about boomers (implicit via thread), targeting competence/education;
;BoomersBeingFools;1oiflum;nlv2vet;Ok boomer;But also why does he look like he’s crying? 😂;Nothing like a gun owner creating fantasies where they get to use their weapon. Clearly stealing your groceries is equivalent to a threat on your life and thus you totally get to use deadly force.;"I think any normal thief would cut out the middleman and steal the things they want directly from the store instead of hoping that Temu Wilford Brimley bought the things they wanted. 😂 MAGAs are so dumb.

https://preview.redd.it/wkklwlfw3wxf1.jpeg?width=832&format=pjpg&auto=webp&s=b6ceb40b24e8e396b01f920c5a6f7ca3065b578f";Yes;;Hetero;Boomer;Generic;Neg;1;0;politics_civics;;1;0;0;;0;0;;1;;Trait;1;Support;0;0;0;0;0;0;;1;Generic;Neg;0;1;politics_civics;;1;0;0;;0;0;;0;;Trait;1;"Title sets boomer target; parent makes a generic moral claim about gun/force fantasies (politics_civics). Reply supports and adds a separate generic insult about MAGA → reply_has_claim=1.";
;BoomersBeingFools;1ohcgbv;nlndyd4;Convicted Felon Boomer Suggests Repealing 22nd Amendment Blocking a Third Term, Says He Was “Not Joking” About 2028 Run: “I would love to do it. I have the best poll numbers that I’ve ever had”;;I wish I could live in whatever strange made up world this deranged lunatic lives in.  It really must be pleasant.;The whole of magat culture is the epitome of ignorance is bliss;No;not a generational claim;;;;;;;;;;;;;;;;;;;;;;;;;;;;;;;;;;;;;;;;;;;;;;;
;okboomer;1fjzujm;lvh07dv;Boomer doesn’t even see the irony 😆;Enjoy this comment thread from another post in this group. I personally find it kind of satisfying when a Boomer accidentally proves the point they are trying to argue against 😆 But they will never see their own hypocrisy because remaining willfully ignorant is just the way they want to live I guess 🤷🏻‍♀️;"Did you even look at your own source? or do you just not understand the graph?

It shows and states that those who are over the age of 50 are most/more likely to identify as republican over any other political affiliation. 

And the older the age group is, the higher the percentage of republicans are for that age group.";"Yes, I did look at the source. 24% of the 65+ group identify as Independent, 33% as Democrat, 39% as Republican, and 3% as other. ""cassylibra"", the author of the cited post, wrote ""Most boomers are Republican..."" However, in the study that I found, 61% identify as other than Republican. 39% is not a majority of ANY group. Now, I don't know of any hard data that supports the claim that ""...most Boomers are as insufferable as OP described."" But maybe you could undertake a study of Boomers in the wild; I think that a study looking at Boomer behavior vs. non-Boomer behavior, controlling for possible confounding factors (e.g., gender, race, religion, SES, etc.) might provide some real answers. Cheers!";Yes;;Hetero;"Boomer; other";Generic;Neutral;0;0;politics_civics;;0;0;1;;0;0;;0;;Trait;0;Oppose;0;0;1;0;0;0;;0;;;;;;;;;;;;;;;;;;"Parent is a descriptive political-affiliation claim about 50+, made generational by thread context; reply opposes via evidence (percentages) and suggests doing a proper study";
;BoomersBeingFools;1oh9799;nlmknua;Colorado Boomer dies from ivermectin;;Liberals owned.;As a liberal, I am so owned, I really hope no other people try to own me in such a manner anymore, I just don't think I could handle it.;No;not a generational claim;;;;;;;;;;;;;;;;;;;;;;;;;;;;;;;;;;;;;;;;;;;;;;;
;terriblefacebookmemes;126zu46;jeit1v5;RETURN TO OUR ROOTS;"Hello everyone,

&#x200B;

Originally this subreddit was about \*Boomer memes\*. It was about memes so painfully unfunny and out of touch that you would choke on a minion if you had to endure one more cry-laughing emoji on a sad post.

https://preview.redd.it/db2c8xfg2yqa1.jpg?width=680&format=pjpg&auto=webp&s=d43ee1e3dc8d6a5e567363048eb9a13650e92344

&#x200B;

Over time we have slowly mutated into some kind of unholy abomination where today most of the posts made to this subreddit are just outright racism or transphobia. 

&#x200B;

Alright, we said, ok, but the point is to make fun of sad little memes that these people think are so profoundly common-sensical so our mandate is preserved. This place exists to showcase bad memes for purpose of education and entertainment. 

&#x200B;

Unfortunately we spend an inordinate amount of time banning people who \*agree with the racism\*.  ""This is based!"" they will gurgle, ""This isn't bad at all"" we hear fartily from the wings. ""But this is just true. It's not fair! This racism is just true!"" cries a third. 

&#x200B;

This will not do. 

&#x200B;

Somewhere in Febuary a smarter than average subscriber in modmail alerted us to the fact that reddit has a terms of service and today we alert you to that too.

&#x200B;

[These are the rules we all agreed to follow when we made an account](https://www.redditinc.com/policies/user-agreement-september-12-2021)

&#x200B;

So, apparently, subreddits can get banned and users can get sitewide suspended for the shit we feature here. Even if it is meant to laugh at. Even if we explicitly say that agreeing with the bad memes is forbidden.

&#x200B;

For some bizarre, unfathomable reason we do actually like this place. We want to keep it. We want to see it prosper.

&#x200B;

So we need to go back to our roots.

https://preview.redd.it/nruh6xc52yqa1.jpg?width=1590&format=pjpg&auto=webp&s=98ac4e3ef9ed6d32929173daa85b0cd3944565aa

&#x200B;

No more racism. No more transphobia. No more homophobia. No more making fun of my mom. 

&#x200B;

From now on all posts have to follow the site-wide rules. 

&#x200B;

From now on we will be about Boomer memes again. 

&#x200B;

Thank you everyone and happy minioning!

&#x200B;

&#x200B;

https://preview.redd.it/efzmd36x1yqa1.png?width=300&format=png&auto=webp&s=a0f87b658a9ef749d1550956537f3b20775cc6b7";I want to put the nerd emoji but I won't;We are finally rising as a species and this action is proof;No;Off-topic;;;;;;;;;;;;;;;;;;;;;;;;;;;;;;;;;;;;;;;;;;;;;;;
;okboomer;1k07dbw;mnd54lb;What’s the most out of touch/delusional thing you’ve ever heard a baby boomer say?;"My mom just started dating an older boomer man and he’s absolutely insufferable!

-   Boomer boyfriend doesn’t believe” that there are Americans who have trouble affording food for their families. “If they’re truly hungry they can go knock on their neighbors’ doors and just ask for food!” 🙄
He really doesn’t grasp the concept that their neighbors might not have enough food either. 

-   Boomer boyfriend thinks it’s perfectly fine to go through every photo in my sister’s house without permission and loudly make gross comments about my sister breastfeeding her kids. 
  Boomer boyfriend: “She should have hidden the album better if she knew she was having company! If she doesn’t want the attention why is she ‘exposing herself’ then?”🤮 

-   Boomer boyfriend thinks “Donald Trump is unqualified, but chose not to vote in the last presidential election, because a woman could never be president.” WTF?

-   “doesn’t believe” that college has gotten more expensive than it was when he was in college.

-   “doesn’t believe” autism is real. 😡

-   “Doesn’t believe” in rabies 🤡 ";At least he's not a Trump supporter? I mean he sounds like a giant tosser but, every cloud and all that.;He’s not an “active” maga supporter. He refused to vote for or against Trump even though he claims he’s voted in every election since he was old enough. For once in his life he did nothing in his power to stop an unqualified candidate just because he couldn’t stomach the idea of a woman becoming president. That’s a trump supporter in my book. He could have done bare minimum but he chose not to.;Yes;;Hetero;Boomer;Specific;Neg;0;0;politics_civics;;1;0;0;;1;0;;0;;Event;0;Support;0;0;0;0;0;0;;1;Specific;Neg;0;0;politics_civics;;0;0;0;;1;0;;0;;Trait;0;Annotated Selftext as Parent;
;BoomersBeingFools;1ohazwx;nlmmtpe;Im never to old to learn, boomers apperantly are.;"A boomer calls in at my job.
Tells me something i did not know.(about senior phones)

So i reply ""I did not know that"" 
Boomer ""yeah you're never too old to learn""

Boomer then asks a question.
I answer it.

Boomer ""young lady, I'm 88, i don't know how to do that""

Me ""The public library has courses that can help you familiarize yourself with them"" 

Boomer ""young lady, I am 88, I can't""

Me ""I thought you were never too old to learn?""

Boomer ""wow that's rude, I'm 88""

Hears a person in the background

Person takes phone.

Person ""whats the problem? Why arent you helping my mother?"" 

Me ""i am trying to help, but i can't as the help.she wants we don't offer, so i suggested she'd go to the library, they can help her and teach her.

Person ""my mother is 88""

Me ""she did tell me you're never to old to learn""

Person: ""are you [explitive] [slur] ?, i told you.my mother is 88""



Why are they always hiding behind their age, to not do something?";"Anything computer related has always confused and scared my silent gen mom. She's in her 80s, and to this day, she can learn anything else in fairly short order. She just refuses to learn to use a smartphone or anything she sees as vaguely computer adjacent.

She knows she can learn, she just doesn't want to. She's honest about it though, and doesn't hide behind her age as an excuse.";My mom is 85 and just had to stop driving due to health. Technically is very different for most SilentGen to understand. She won’t even use an ATM card. While I have setup a small tablet for her to look at news and stuff, she simply can’t do emails.;Yes;;Hetero;Boomer;Generic;Neg;1;1;Education;;1;0;0;;1;1;;0;;Mixed;1;Mitigate;0;1;0;1;0;0;;0;;;;;;;;;;;;;;;;;;"Parent targets boomers; replies shift to Silent Generation (80s) → entity drift. Good example of mitigate + counterexample + alt cause";
;BoomersBeingFools;1ojg59m;nm2vhn1;Boomer guy freaked out and abandoned their car when I told them I couldn't fix it.;"For immediate context I work overnight at a gas station in the middle of deep south nowhere surrounded by local and imported boomers (aka retired yankees).

And I'm wrapping up cookie packs at 2am when boomer guy nearly rips the door off rushing into the store.

***""I NEED YOU TO FIX MY CAR!""*** He screams while pointing at the car next to pump 6.

Okay, that's a weird opener but I got my customer service mask on and roll with it.

*Hey that sounds annoying buddy, but I'm not a mechanic. Do you need to call Triple A?*

***""YOU WORK AT A GAS STATION! YOU'RE SUPPOSED TO KNOW HOW TO FIX CARS! NOW GO FIX MY CAR!""***

Screams boomer guy while banging violently on the counter.

Okay, well fuck this guy, am I right? 

So I grab my maglite, ya know the one that's almost two feet long and filled with D cell batteries? Like it's not technically a weapon, but it's pretty much a billy club with a light bulb attached.

I use it to point at the door and tell boomer guy to get out with my loudest angry voice.

And he does.

Boomer guy then leaves his car at the pump and just walked off into the night.

I called the cops to make a report the abandoned car and had the on call tow company pick up the car.

It's more than twelve hours later and I haven't got an update, but yeah that was fucking weird.";When I used to work at a petrol station the most I would do is jump someone's car. Maybe help change a tire. But that? Nah.;"Yeah, unless the motorist offers cash for assistance I'm gonna skip it.

I barely get paid enough to show up ""sober"".";No;Off-topic;;;;;;;;;;;;;;;;;;;;;;;;;;;;;;;;;;;;;;;;;;;;;;;
;BoomersBeingFools;1oh9799;nlmld7s;Colorado Boomer dies from ivermectin;;This is from where I live! And it's definitely on point for the boomers here. I'm surprised there isn't more dying from ivermectin toxicity here. They are all over Nextdoor talking about it for treating covid, when they even admit to covid being a real thing.;They aren’t trying hard enough;Yes;;Hetero;Boomer;Generic;Neg;0;0;Health;;1;0;1;;1;0;;1;;Mixed;0;Support;0;0;0;0;0;0;;1;Generic;Neg;0;0;Health;0;1;;;;;;;;;;;Reply severity is high because of the dark irony (trying hard enough to die);
;BoomersBeingFools;1ojg59m;nm2yq4o;Boomer guy freaked out and abandoned their car when I told them I couldn't fix it.;"For immediate context I work overnight at a gas station in the middle of deep south nowhere surrounded by local and imported boomers (aka retired yankees).

And I'm wrapping up cookie packs at 2am when boomer guy nearly rips the door off rushing into the store.

***""I NEED YOU TO FIX MY CAR!""*** He screams while pointing at the car next to pump 6.

Okay, that's a weird opener but I got my customer service mask on and roll with it.

*Hey that sounds annoying buddy, but I'm not a mechanic. Do you need to call Triple A?*

***""YOU WORK AT A GAS STATION! YOU'RE SUPPOSED TO KNOW HOW TO FIX CARS! NOW GO FIX MY CAR!""***

Screams boomer guy while banging violently on the counter.

Okay, well fuck this guy, am I right? 

So I grab my maglite, ya know the one that's almost two feet long and filled with D cell batteries? Like it's not technically a weapon, but it's pretty much a billy club with a light bulb attached.

I use it to point at the door and tell boomer guy to get out with my loudest angry voice.

And he does.

Boomer guy then leaves his car at the pump and just walked off into the night.

I called the cops to make a report the abandoned car and had the on call tow company pick up the car.

It's more than twelve hours later and I haven't got an update, but yeah that was fucking weird.";Will it still break a femur or ribs that way?;Yes. Yes, it will, and it will be lighter on your arm.;No;Off-topic;;;;;;;;;;;;;;;;;;;;;;;;;;;;;;;;;;;;;;;;;;;;;;;
;okboomer;1g18wvn;lrkejut;This wins the internet ☝️🤓;Saw this on a post about toyota no longer supporting LGBTQ+ , the homophobia and transphobia was rampant in the comment section ;40-60% of the boomer mind is occupied by thoughts about trans people.;I've dated trans people and don't think about trans people as much as people who have never met a trans person.;Yes;;Hetero;Boomer;Generic;Neg;0;0;politics_civics;;1;0;1;;0;0;;0;;Trait;0;Support;0;0;0;0;0;0;;0;;;;;;;;;;;;;;;;;;"""40-60%"" annotated as Quantifier.";
;okboomer;1k07dbw;mnf4kxo;What’s the most out of touch/delusional thing you’ve ever heard a baby boomer say?;"My mom just started dating an older boomer man and he’s absolutely insufferable!

-   Boomer boyfriend doesn’t believe” that there are Americans who have trouble affording food for their families. “If they’re truly hungry they can go knock on their neighbors’ doors and just ask for food!” 🙄
He really doesn’t grasp the concept that their neighbors might not have enough food either. 

-   Boomer boyfriend thinks it’s perfectly fine to go through every photo in my sister’s house without permission and loudly make gross comments about my sister breastfeeding her kids. 
  Boomer boyfriend: “She should have hidden the album better if she knew she was having company! If she doesn’t want the attention why is she ‘exposing herself’ then?”🤮 

-   Boomer boyfriend thinks “Donald Trump is unqualified, but chose not to vote in the last presidential election, because a woman could never be president.” WTF?

-   “doesn’t believe” that college has gotten more expensive than it was when he was in college.

-   “doesn’t believe” autism is real. 😡

-   “Doesn’t believe” in rabies 🤡 ";I would deny being related to him.;He’s unfortunately very stuck in his old ways. It’s difficult to have certain conversations with him without hearing rhetoric like “I’ve been around longer than you so I know and have seen more”;Yes;;Hetero;Boomer;Specific;Neg;0;0;politics_civics;;1;0;0;;1;0;;1;;Mixed;1;Support;0;0;0;0;0;0;;1;Specific;Neg;0;0;meta_identity;0;0;0;0;;0;0;;1;;Trait;0;Annotated Selftext as Parent;
;BoomersBeingFools;1oh3gw4;nll8ko3;Boomer Booms a 5 Year Old at the Zoo;"This happened a couple of months back. I am still disturbed by it. The whole thing went down in under a minute. It's the kind of story that if confronted about it, a boomer would say ""I only did it because I want to toughen her up for the real world. It's for her own good."" Or some abuser shit like that. 

I finally thought I'd share it so parents of small children understand their older relatives can be sugary sweet to some of your children, but pick out one child to abuse - outside of your observation.

I was walking in the Zoo with my family, between exhibits, shuffling along with lots of kids and adults. One particular family I had seen a few times, and had let them pass when their kids were excited to run ahead. It was a mom and dad, their two girls maybe 3 and 5 years old, and a boomer aged woman.

We came up to a small set of stairs and I got about halfway up them when I heard a little girl's voice behind say ""gramma you go first!"" Followed immediately by ""You don't EVER you tell ME what to do!""  spit out with absolute venom and pure hatred. I whipped my head around and see the enraged boomer lady has the 5 year old by the arm and is twisting and wringing it, then throws the arm away in anger. The little girl stands there shell-shocked - mouth open and frozen in place at the bottom of the stairs. Mom, Dad, and the 3 year old are already at the top and moving on, so none of them witness this.

I stop on the steps and say to gramma as she walks by me ""what the fuck."" She makes a sound that might be a chuckle or a harumph at me.

Then, I see fucking boomer child-abusing hag switch like a light to happy mode at the top of the stairs. Smiling she takes the 3 year old's hand and heads towards the giraffe viewing fence making sweet talk to her. They join up with mom and dad and the four of them are ooohing and ahhing at the giraffes. The little girl who was just physically, verbally, and emotionally abused in public, but outside of her parent's earshot and sight, slowly walks up to the group and stands quietly a few feet to the side. Visually she's not part of the group, and she's standing there just looking like she's in shock and doesn't know what to do. No one in the family is talking to or interacting with her.

Heartbreaking.";Chime in and let the parents know.;I grew up like this and always wished for help;Yes;;Hetero;Boomer;Specific;Neg;0;0;family_values;;1;0;0;;0;0;;1;;Event;1;Support;0;0;0;0;0;0;;1;Specific;Neg;0;0;family_values;;;;;;;;;;;;0;Annotated Selftext as Parent.;
;BoomersBeingFools;1ohmemn;nlpw31y;Boomer KFC meltdown;"So my father, who I love, is a fucking boomer. He loves KFC’s chicken pot pie. Fine. No judgment. He drives to KFC, pulls into the drive-through, and when he gets to the speaker, the employee tells him it’ll be about twenty minutes for a pot pie.

Now, a normal person would say “no thank you” and move on. Or if they really wanted that pot pie, they’d order, pull into a parking spot, and wait. You know—like a normal human being.

But not my dad. He puts the car in park.

The woman at the speaker asks him to please pull forward so they can take the next order, and my dad—who has run his own company for forty-five years and should know what through-put is—refuses. He tells her, and this is his actual logic: “What if the two people ahead of me ordered chicken pot pies? I’ll have to wait twenty minutes for each of theirs and another twenty minutes for mine. I’ll be sitting here for an hour.”

This man, who has successfully managed employees, contracts, and logistics for decades, somehow believes that KFC—a fast-food chain built entirely around getting cars through a drive-through as fast as possible—is going to bake each pot pie one at a time, in order, like it’s 1812 and there’s a single oven out back.

And the best part? He told me this story later as if I was supposed to share in his outrage. He wasn’t embarrassed. He was indignant, like the universe had personally wronged him.

I can’t remember why he finally moved.
He’s my father. I love him.
But what the fuck.";"There's a pervasive belief that a lot of older people have this fundamental ""common sense "" that comes from being raised in the ""old days"" when things were simpler and more obvious, but supposedly more fundamentally labor-intensive. I can tell you that first off, this isn't true. There were plenty of people back in the day too stupid to come in out of the rain. There's never been a shortage of idiots. Modern concepts of efficiency and multitasking go over the heads of a lot of these people.  Parking your car in a drive through is not only stupid, it's an expression of privilege, ""I come first, all you other peons can wait "". Your dad can't comprehend that they might have ways of serving multiple people simultaneously, and if he does, he doesn't care.";"""There's never been a shortage of idiots.""

Truer words have never been spoken. I talk to many people every day for work, many with high-level engineering & science degrees. Ages range from GenZ through to Boomers. 

The number of them who actually live in reality, and not in their own little worlds, is few and far between. 

To be fair though, the slope of the idiot graph definitely gets steeper with the age of the people in question.";Yes;;Hetero;"Boomer; genz";Generic;Neg;0;0;Work_economy;0;0;0;1;;1;1;;1;;Trait;1;Support;0;0;0;0;0;0;0;1;Generic;Neg;0;0;work_economy;;1;0;1;;1;1;;1;;Trait;1;"Parent uses ""older people"" but context is Boomers; Reply explicitly names Boomers and GenZ.";
;okboomer;1n5tdnd;nbv3nz0;What can you say to a boomer that makes you sound like a boomer?;"Basically an UNO reverse card. We all know that boomers aren't shy to make racist or homophobic remarks. ""There's too many X here, I can't stand it when Y, kids these days can't do Z.""

What can we say as equivalent to this as a way to out-boomer them? For clarity, I'm asking for boomer comments *about* boomers. ";Back in my day, kids used to work;"ok boomer

*I am a bot, and this action was performed automatically. Please [contact the moderators of this subreddit](/message/compose/?to=/r/okboomer) if you have any questions or concerns.*";Yes;;hetero;Boomer;Neg;0;0;0;politics_civics;;1;0;0;;1;0;;1;;Trait;0;Neutral;0;0;0;0;0;0;0;0;;;;;;;;;;;;;;;;;;"Annotated Post Selftext as Parent; Reply is Bot";
;BoomersBeingFools;1ojg59m;nm2xegd;Boomer guy freaked out and abandoned their car when I told them I couldn't fix it.;"For immediate context I work overnight at a gas station in the middle of deep south nowhere surrounded by local and imported boomers (aka retired yankees).

And I'm wrapping up cookie packs at 2am when boomer guy nearly rips the door off rushing into the store.

***""I NEED YOU TO FIX MY CAR!""*** He screams while pointing at the car next to pump 6.

Okay, that's a weird opener but I got my customer service mask on and roll with it.

*Hey that sounds annoying buddy, but I'm not a mechanic. Do you need to call Triple A?*

***""YOU WORK AT A GAS STATION! YOU'RE SUPPOSED TO KNOW HOW TO FIX CARS! NOW GO FIX MY CAR!""***

Screams boomer guy while banging violently on the counter.

Okay, well fuck this guy, am I right? 

So I grab my maglite, ya know the one that's almost two feet long and filled with D cell batteries? Like it's not technically a weapon, but it's pretty much a billy club with a light bulb attached.

I use it to point at the door and tell boomer guy to get out with my loudest angry voice.

And he does.

Boomer guy then leaves his car at the pump and just walked off into the night.

I called the cops to make a report the abandoned car and had the on call tow company pick up the car.

It's more than twelve hours later and I haven't got an update, but yeah that was fucking weird.";"The boomer walked off, a police report was filed, and the car towed.

From my years in customer service I'm guessing it pretty much ends here.";Watch him come back in a week and demand to know where his car is 😂;Yes;;Hetero;Boomer;Specific;Neg;0;0;Work_economy;;1;0;0;;0;0;;0;;Event;0;Support;0;0;0;0;0;0;0;0;;;;;;;;;;;;;;;;;;Annotated Selftext as Parent;
;BoomersBeingFools;1oh9799;nlnyenj;Colorado Boomer dies from ivermectin;;Horse shit;Is food for the sparrows.;No;Off-topic;;;;;;;;;;;;;;;;;;;;;;;;;;;;;;;;;;;;;;;;;;;;;;;
;BoomersBeingFools;1ohazwx;nlmlhiq;Im never to old to learn, boomers apperantly are.;"A boomer calls in at my job.
Tells me something i did not know.(about senior phones)

So i reply ""I did not know that"" 
Boomer ""yeah you're never too old to learn""

Boomer then asks a question.
I answer it.

Boomer ""young lady, I'm 88, i don't know how to do that""

Me ""The public library has courses that can help you familiarize yourself with them"" 

Boomer ""young lady, I am 88, I can't""

Me ""I thought you were never too old to learn?""

Boomer ""wow that's rude, I'm 88""

Hears a person in the background

Person takes phone.

Person ""whats the problem? Why arent you helping my mother?"" 

Me ""i am trying to help, but i can't as the help.she wants we don't offer, so i suggested she'd go to the library, they can help her and teach her.

Person ""my mother is 88""

Me ""she did tell me you're never to old to learn""

Person: ""are you [explitive] [slur] ?, i told you.my mother is 88""



Why are they always hiding behind their age, to not do something?";Weaponized “don’t want to do it myself”;It’s either that or it’s “I don’t need anyone’s help, I’ll just do it myself” and then proceeds to fuck it up and then make it someone else’s problem;Yes;;Hetero;Boomer;Specific;Neg;0;0;Competence;;0;0;0;;1;0;;0;;Trait;0;Support;0;0;0;0;0;0;;1;Generic;Neg;0;0;Competence;;0;0;0;;1;0;;0;;Mixed;0;;
;okboomer;1hddl9v;m1v6k0n;Cokehead boomer has opinions about cannabis.;;Narcissistic megalomaniac shits on his staff and everyone ‘beneath’ him, yet only sees problems with his actions decades ago when he wasn’t sober;You realize both things can be true. He was probably awful while on coke and is still hard to deal with but Im a millennial who’s been around potheads, alcoholics, cokeheads and opiate addicts and the truth is that all drugs are a self indulgent activity no matter the degree to which some are safer than others.;Yes;;Mixed;"boomer; millennial";Specific;Neg;0;0;work_economy;;0;0;0;;1;0;;1;;Mixed;1;Mitigate;0;0;0;0;1;0;;1;Generic;Neg;0;0;Health;;1;0;1;;0;1;;0;;Trait;0;;
;BoomersBeingFools;1ohs815;nlq54y1;Why do Boomers hate their wives?;"I was in the doctor's office waiting for my appointment. It was hot in there, but I just assumed it was me, and I saw this poor lady next to me suffering. Her husband huffed, handed her a medical pamphlet and told her to fan herself. ""It's just a little heat."" It was not just a little heat. Maybe it's because I am taking medical assistant classes, but this woman didn't look well. And when I heard, ""I feel like I might pass out,"" I knew I couldn't sit there and do nothing. I grabbed her a cold cup of water from the fountain. She was so grateful and it was helping her. One of the medical assistants turned the heat down. This woman wasn't being overdramatic! She looked like she was going to keel over. When she asked him if he did something he told her, ""shut up, I will get it done."" 

I don't get taking your spouse to an appointment if you are going to treat them so badly. This woman said she has lost 50 pounds in two months and they have no idea what's going on with her. He didn't seem concerned because her tests were all normal so far. I told him mine used to be, too and now we know I have a lot wrong with me. If that were my spouse feeling so sick I would be worried about them, not telling them stop being dramatic and to shut up.";He’s upset Wifey Appliance is not functioning properly, which affects things like cooking and cleaning.;"I remember my dad's mother needed to have her gallbladder removed, and the doctor told my grandfather that she'd need about two weeks of rest before she could do anything. (This was back in the day when gallbladder surgery was a really big deal because they split you open stem to stern)

My grandfather got furious with the doctor and started screaming at him, ""who's going to cook my food, wash my clothes, and clean my house?  This is unacceptable, she has work to do.  She can't be laying around for two weeks,"". She cooked dinner the night she got home from the hospital.

My dad's family was all sorts of shades of fucked up.";Yes;;Hetero;Boomer;Specific;Neg;0;0;family_values;;0;0;0;;1;0;;0;;Trait;2;Support;0;0;0;0;0;0;;1;Specific;Neg;0;0;family_values;;0;0;0;;1;0;;1;emphatic;Event;0;"Parent uses dehumanizing metaphor (""Appliance"")";
;okboomer;1k07dbw;mnc83om;What’s the most out of touch/delusional thing you’ve ever heard a baby boomer say?;"My mom just started dating an older boomer man and he’s absolutely insufferable!

-   Boomer boyfriend doesn’t believe” that there are Americans who have trouble affording food for their families. “If they’re truly hungry they can go knock on their neighbors’ doors and just ask for food!” 🙄
He really doesn’t grasp the concept that their neighbors might not have enough food either. 

-   Boomer boyfriend thinks it’s perfectly fine to go through every photo in my sister’s house without permission and loudly make gross comments about my sister breastfeeding her kids. 
  Boomer boyfriend: “She should have hidden the album better if she knew she was having company! If she doesn’t want the attention why is she ‘exposing herself’ then?”🤮 

-   Boomer boyfriend thinks “Donald Trump is unqualified, but chose not to vote in the last presidential election, because a woman could never be president.” WTF?

-   “doesn’t believe” that college has gotten more expensive than it was when he was in college.

-   “doesn’t believe” autism is real. 😡

-   “Doesn’t believe” in rabies 🤡 ";"Maybe not most delusional but completely out of touch. 

""Why are you wasting your money renting? Why don't you guys just buy a house?""

Sure... I'll jUsT bUy a HoUsE in southern California where the lowest price home that isn't falling down or half burned is 700k.";I gave my Boomer dad shit when he told me renting was a waste of money. I asked for help to buy. Radio silence.;Yes;;Hetero;Boomer;Generic;Neg;0;0;wealth_housing;;0;0;0;;1;1;Epistemic;1;Emphatic;Trait;0;Support;0;0;0;0;0;0;;1;Specific;Neg;0;0;wealth_housing;;1;0;0;;0;0;;0;;Event;0;;
;BoomersBeingFools;1ohcgbv;nln433w;Convicted Felon Boomer Suggests Repealing 22nd Amendment Blocking a Third Term, Says He Was “Not Joking” About 2028 Run: “I would love to do it. I have the best poll numbers that I’ve ever had”;;"I have never had a ""routine"" MRI. I've only known one person that had a ""routine"" MRI and it was as a one year follow up after surviving a brain aneurysm. They found a second mirrored aneurysm with the 1 year MRI.";"My aunt has a ""routine"" MRI every year because she had a seizure at work that was caused by a benign brain tumor years ago and she had to have it removed.";No;Off-topic;;;;;;;;;;;;;;;;;;;;;;;;;;;;;;;;;;;;;;;;;;;;;;;
;BoomersBeingFools;1ojrfzc;nm57l7j;Boomer retreats when confronted with a simple question !!!;;Yeah, I think you're done, too, Cynthia.;she's *been* done for a few decades at least. What we see here is just a bitter withered husk that is still animated by some eldritch force.;Yes;;Hetero;Boomer;Specific;Neg;0;0;meta_identity;;0;0;0;;0;1;Epistemic;0;;Trait;0;Support;0;0;0;0;0;0;;1;Specific;Neg;0;0;Health;;0;0;0;;0;0;;1;emphatic;Trait;2;;
;terriblefacebookmemes;1no2878;nfqnq8n;What is supposed to be wrong with that?;;Boomers when they realise that children exist and do watch television;Children are to be seen and not heard. I don’t want them watching the same tv network as me and not on the dinner table 😠;Yes;;Hetero;Boomer;Generic;Neg;0;0;family_values;;1;0;0;;0;0;;0;;Event;0;Support;0;0;0;0;0;0;;1;Generic;Neg;0;0;family_values;;0;0;0;;1;0;;0;;Trait;0;;
;okboomer;1f6sq7c;lmfqcdu;"The generational class warfare started well before ""OK Boomer"" became a thing.";"History DOES repeat itself:

In the 60's there was much angst about a ""[Generation Gap](https://discover.hubpages.com/education/The-Ultimate-Generation-Gap-of-the-1960s)"" between the (baby) ""Boomers"" and their ""Greatest Generation"" parents & grandparents that was every bit as severe as the ""OK Boomer"" moment we find ourselves in now.

What's sad to me is that I have religiously voted Democratic since I became eligible to vote in the 70's through today - when I am eligible for Social Security.

Even though I have no children, I have never voted against a bond measure or tax increase to fund public education.

""OK, Boomer,"" some say - except I am NOT OK with where we are, how we got here - and despair at being blamed for the mess we are now in.

In recent decades,  the ""other party"" has slashed tax rates, social programs, and support for public education, healthcare, and housing to where we are now.

The generations before me enjoyed low-cost university education, received generous public and private pensions and healthcare-for-life upon retirement, GI Bills, cheap VA & FHA housing loans, Social Security & Medicare benefits.

(And now they oppose ""entitlements"" and the ""welfare"" state).

When my generation went to college, schooling was a bit more expensive but states still supported their colleges to keep costs down (I and most of my friends were able to work part-time to fund our education; try that now!), the federal gov't offered BEOG grants (not loans) for college education, FHA loans became more expensive (but were still manageable) and we were initially promised the same pensions or private healthcare on retirement as those before us (except many pensions were later frozen or outright eliminated as we worked - as were retiree healthcare benefits) but we were told our (stock-market funded) 401K's would more than makeup for that - plus we would receive Social Security & Medicare benefits.

(Ask Enron & Worldcom retirees how that turned out).

Today? College education costs are through the roof - states have slashed their per-student support of university education, userious loans have replaced grants, housing costs (rental & ownership) are vastly outpacing incomes, there are no more pensions or retirement healthcare benefits (unless you are among the small percentage of Americans in a union - and one party is working to eradicate that). Public Education (now dissed as ""Government Education"") is being attacked in favor of home-schooling, ""charter"" schools, or private or religious schools through vouchers.

We have also slashed taxes for the highest income earners (the ""job creators"") so one party can claim ""there's no tax money to fund that anymore.""

(Elon Musk thanks you for that, by the way).

Younger Americans are pissed - and rightly so.

They have been royally screwed.

I am pissed too!

But instead of blaming those of us who voted for NONE OF THIS - may I suggest you direct your ire at the political party that is responsible for the mess we are in - and request the following:

Since they are hell-bent on returning us to the country that existed at the end of World War II (or earlier) - fine.  -Let's adopt the tax policies that existed then:

The average tax rate on the top 0.01 percent was 55.3 percent in the 1950s, compared to 40.8 percent today -  and I could go on, but you get the idea. Let's levy taxes at the rates the ""Greatest Generation"" paid - and eliminate all of the loopholes & deductions enacted since then -- and fund the country like it used to be funded.

End of my ""Boomer"" rant.

Hey, Y'all! Get off my lawn :)  !";"By the gop actually, if you care about the truth instead of blindly blaming those who didn't support it .

  
-Nate";You think boomers didn't support trickle-down economics? 😂😂😂;Yes;;Auto;Boomer;Generic;Pos;1;1;politics_civics;;0;0;0;;1;0;;1;Emphatic;Event;0;Oppose;0;0;0;0;0;1;;1;Generic;Neg;0;0;work_economy;;1;0;0;;1;0;;0;;Event;0;;
;BoomersBeingFools;1ohmemn;nlozr83;Boomer KFC meltdown;"So my father, who I love, is a fucking boomer. He loves KFC’s chicken pot pie. Fine. No judgment. He drives to KFC, pulls into the drive-through, and when he gets to the speaker, the employee tells him it’ll be about twenty minutes for a pot pie.

Now, a normal person would say “no thank you” and move on. Or if they really wanted that pot pie, they’d order, pull into a parking spot, and wait. You know—like a normal human being.

But not my dad. He puts the car in park.

The woman at the speaker asks him to please pull forward so they can take the next order, and my dad—who has run his own company for forty-five years and should know what through-put is—refuses. He tells her, and this is his actual logic: “What if the two people ahead of me ordered chicken pot pies? I’ll have to wait twenty minutes for each of theirs and another twenty minutes for mine. I’ll be sitting here for an hour.”

This man, who has successfully managed employees, contracts, and logistics for decades, somehow believes that KFC—a fast-food chain built entirely around getting cars through a drive-through as fast as possible—is going to bake each pot pie one at a time, in order, like it’s 1812 and there’s a single oven out back.

And the best part? He told me this story later as if I was supposed to share in his outrage. He wasn’t embarrassed. He was indignant, like the universe had personally wronged him.

I can’t remember why he finally moved.
He’s my father. I love him.
But what the fuck.";"Oh maaan. 😳
I spend a lot of time in different restaurants for my job. And the way so many “grown” people feel justified in treating service industry workers like crap is truly despicable. I’m like do you really think this cashier is personally living large because the price of your favorite meal went up 50 cents? As they rant at some poor kid. 
I do see pleasant interactions frequently too, to be fair. But still.
And why does anyone think it’s a smart idea to be a  jerk to folks preparing your food?! 🙃";So true. I work in a homemade chocolate shop. Chocolate went up in price significantly, people complain to me, a cashier, as if I caused the price to go up;Yes;;Hetero;Boomer;Generic;Neg;0;0;Work_economy;;0;0;1;existential;0;1;Other;1;Emphatic;Mixed;0;Support;0;0;0;0;0;0;;1;Generic;Neg;0;0;work_economy;0;0;0;0;;0;0;;1;emphatic;Event;0;;
;okboomer;1f6loq5;ll12mqe;I learned recently that some boomers don’t know how to read;"As somebody who is 26 years old, it’s absolutely baffling to me that there are some people older than 60 years old that don’t know how to read
Like the numbers are going down there are boomers that are learning how to read, but I learned about that there are people older than 30 years old that don’t know how to read when I was told a story from my old landlord, that one of her coworkers was a literate and didn’t know how to read so she basically helped him learn how to read bye Seeing every time he was struggling, she would just pronunciation it a lot clearer

Like if you wanted something from a certain place, and he saw a billboard of like McDonald’s or some thing, he won’t say let’s go to McDonald’s he pointed at the sign and said burger he was in his mid-40s at the time and he didn’t know how to read
He understood logos for the most part like if you saw McDonald’s there’s probably a bad example, but if it wasn’t something he could recognize and knew it I heard it he didn’t know what the word was 
She was in capable of reading books 
He has struggled with general work paperwork. He worked for the city and a government job as a garbage truck driver. 
And he didn’t know how to read 

It’s I completely foreign idea to me, considering that every single person I know knows how to read on the basic level
Like not, everyone understand complex sentence, structure in grammar and big words, and that’s understandable, but there are some people over the age of 60 that cannot read a children’s story book because they never learned how to read and they refused to

The boomer generation is the last generation of a literature people 
Because they like to say that the kids nowadays all they don’t know how to read because it’s auto correct at least they know how to recognize words at least they try to read meanwhile, boomers just gave up at reading because they didn’t need to as kids
So when they got older and we’re required to read, they just continue to be wilfully ignorant like I’m pretty sure it’s a loan number of boomers. Don’t know how to read but I’ve never met a kid that is five years old. That doesn’t know how to read I’ve never heard of the kid who doesn’t have basic reading understanding.
Basic reading and writing is a core function of being a productive human and the boomers don’t know how to read and some of them don’t know how to write";"A run on sentence is better than what they can do. Some of them don’t even know how to read this
If they saw my post, they wouldn’t be able to read it 

Also, this is Reddit  
If you want to be a grammar Nazi, go be a book, editor like you really should be taking this up with people that make a text to speech

Because it comes off as a run on sentence because it doesn’t put periods in whenever I pause 

And if you want to make fun of me for using text to speech you’re making fun of somebody with ADHD, that if I type things out, it will be more broken English with more spelling, mistakes and less words because I have to type faster than I think and sometimes I think faster than I type and it gets all messed up in the garbage

So I apologize for having a mental issue that caused me to not be able to type fast enough to keep up with my brain

If you want to correct people why don’t you go  somewhere that’s not the internet";Ooof I don’t think this post is gonna go the way you expected.;Yes;;Hetero;Boomer;Generic;Neg;0;0;Education;;1;0;1;Existential;1;1;Epistemic;1;Emphatic;Trait;1;Neutral;0;0;0;0;0;0;;0;;;;;;;;;;;;;;;;;;Annotated Selftext as Parent;
;BoomersBeingFools;1ohcgbv;nln068o;Convicted Felon Boomer Suggests Repealing 22nd Amendment Blocking a Third Term, Says He Was “Not Joking” About 2028 Run: “I would love to do it. I have the best poll numbers that I’ve ever had”;;"Yeah, good look with that. Removing an amendment is ridiculously difficult as it requires a 2/3 vote by the House, Senate, AND 3/4 of the states. Some republicans have already shown that they are strongly against repealing the 22nd, but we already know every one of them is a spineless shit and will gladly vote to remove it anyway. I cannot see a single democrat voting for it.

Of course, if your party owns every aspect of the federal government and nobody holds you accountable, you can just ignore the constitution and do whatever you want. Who even needs to repeal an amendment if that's the case?";They cannot even pass a budget let alone vote to remove an amendment.;No;Off-topic;;;;;;;;;;;;;;;;;;;;;;;;;;;;;;;;;;;;;;;;;;;;;;;
;BoomersBeingFools;1ohazwx;nlmt3n1;Im never to old to learn, boomers apperantly are.;"A boomer calls in at my job.
Tells me something i did not know.(about senior phones)

So i reply ""I did not know that"" 
Boomer ""yeah you're never too old to learn""

Boomer then asks a question.
I answer it.

Boomer ""young lady, I'm 88, i don't know how to do that""

Me ""The public library has courses that can help you familiarize yourself with them"" 

Boomer ""young lady, I am 88, I can't""

Me ""I thought you were never too old to learn?""

Boomer ""wow that's rude, I'm 88""

Hears a person in the background

Person takes phone.

Person ""whats the problem? Why arent you helping my mother?"" 

Me ""i am trying to help, but i can't as the help.she wants we don't offer, so i suggested she'd go to the library, they can help her and teach her.

Person ""my mother is 88""

Me ""she did tell me you're never to old to learn""

Person: ""are you [explitive] [slur] ?, i told you.my mother is 88""



Why are they always hiding behind their age, to not do something?";And it's sometimes with technology that came out decades ago. It's reaching a point where they will simply be left behind. People and businesses are done with catering to them thinking they are cute because they can't use tech.;"I work in telecom. The number of boomers who don't know how to use voicemail is depressing. That technology has been there since way before I was born. I don't feel bad anymore when they tell me they ""don't do recent technology"" and I tell them they had 50 years to learn.";Yes;;Hetero;Boomer;Generic;Neg;0;0;tech_media;;0;0;1;frequency;1;0;;1;Other;Trait;0;Support;0;0;0;0;0;0;;1;Generic;Neg;0;0;tech_media;;1;0;0;;1;0;;0;;Trait;0;;
;BoomersBeingFools;1ojmdga;nm5xcbu;Today’s tales from early voting;"Me: English or Spanish for your ballot?

Boomer: there shouldn’t be a Spanish option.      Why do we even have to answer?

Me: because we want everyone to have the ability to vote 

Boomer: ok, but why? 


A different boomer—

Me:  can I see your id?

Boomer: yes, but can I ask a question?

Me:  sure

Boomer:  are we still a republic?  

Me:  can I just see your id? 


I";As an Australian, come some explain the republic question to me?;"In America when the Republican party does things that are not Democratic, like enforcing minority white religious rules on the majority, the Republicans like to remind us that the country is a republic and not a democracy.

It's nonsense.  We are a democratic republic with representative democracy.  We do have many rules/laws that give more power to land owners (like the Senate in federal and state gov't) and with the electoral college, but we are still a democracy (although maybe not much longer).";No;Off-topic;;;;;;;;;;;;;;;;;;;;;;;;;;;;;;;;;;;;;;;;;;;;;;;
;okboomer;1iw0fzi;med9mww;A lot of boomerism seems to be related to a complete inability to properly use things like Google to access the vast amount of informational wealth available now.  Example: My parents...;"For Christmas, I got my parents a new TV and my dad keeps on talking about his difficulty navigating through the menus to calibrate the picture.  We've been talking a lot about how I'm going to calibrate it for them next time I visit.  But finally on the phone the other day, my dad mentioned that part of the difficulty was not knowing what each setting does.  I pointed out to him that he could simply google what each setting does...and it no joke blew his mind.  He said he never even thought of that and just got speechless.  I never mentioned that to him in our previous conversations because I thought it was so obvious that it didn't need to be stated.  He'll literally use Google to ""prove"" to himself that Obama is the antichrist, but it doesn't even cross his mind to use Google to tell him what ""trumotion"" does in his picture settings.  It's like using a belt to beat your child without realizing you could use it to hold up your pants.

The frustrating part is that I've actually explained how to use Google for critical thinking on many other occasions, so the fact this occurred tells me that he's simply never going to get it...because boomer.";"innocent six sleep meeting label boat test racial friendly kiss

 *This post was mass deleted and anonymized with [Redact](https://redact.dev/home)*";More likely it was beaten out of them.;Yes;;Hetero;Boomer;Generic;Neg;0;0;tech_media;;1;1;1;Existential;1;1;Appearance;1;Emphatic;Trait;0;Mitigate;0;0;0;1;0;0;;1;Generic;Neg;0;0;family_values;;0;0;0;0;0;1;Modal;0;;Event;0;;
;BoomersBeingCools;1npixb8;ngee0r0;“Wine mom” boomer music!;This playlist satisfies all my boomer music needs: https://open.substack.com/pub/helloweimarrepublic/p/sip-stream-repeat-a-guide-to-the;This woman is gorgeous. God damn I love Shania.;Did u listen to the playlist though?;No;Off-topic;;;;;;;;;;;;;;;;;;;;;;;;;;;;;;;;;;;;;;;;;;;;;;;
;BoomersBeingFools;1oiflum;nlv1vxr;Ok boomer;But also why does he look like he’s crying? 😂;Who's threatening to take away your groceries? wth is he trying to say?;"They created a problem by voting for an idiot who can't keep the government running, so SNAP benefits are about to be eliminated. So now they're making up scenarios based on AI generated videos being shared on social media suggesting black women (because of course) will try to steal their food as they're leaving the store.

They have to be angry and afraid all the time or they might start being rational, and that's just not something they're interested in broaching.";Yes;;Hetero;Boomer;Specific;Neutral;0;0;politics_civics;;0;0;0;;0;0;;0;;Event;0;Support;0;0;0;0;0;0;;1;Generic;Neg;0;0;politics_civics;;0;0;0;;0;1;Modal;1;Other;Mixed;0;;
;okboomer;1fu2k73;lq1pywc;The boomer who posted this gas definitely been living under a rock since the 1990s, if not longer.;;But is it true?;Not personally, I haven't fucked any dads. A couple moms, but no bacon grease was involved;Off-topic;;;;;;;;;;;;;;;;;;;;;;;;;;;;;;;;;;;;;;;;;;;;;;;;
;okboomer;1fu2k73;lpy4bi2;The boomer who posted this gas definitely been living under a rock since the 1990s, if not longer.;;Oh think of the imaginary hypothetical children!, clearly if it warrants a custom T shirt there are atleast some people insulting them.;"Can we stop pretending we care about the kids- as a society? You really care about the kids go get them some healthcare, or stop the poison in the lunchables or something. There are worse things for kids to be than ""offended"".";Yes;;Hetero;Boomer;Specific;Neg;0;0;family_values;;0;0;1;Existential;0;0;;1;Emphatic;Event;0;Oppose;0;0;0;0;1;0;;1;Generic;Neg;0;0;politics_civics;;0;0;0;;0;0;;1;emphatic;Trait;0;;
;BoomersBeingFools;1ohs815;nlq6eea;Why do Boomers hate their wives?;"I was in the doctor's office waiting for my appointment. It was hot in there, but I just assumed it was me, and I saw this poor lady next to me suffering. Her husband huffed, handed her a medical pamphlet and told her to fan herself. ""It's just a little heat."" It was not just a little heat. Maybe it's because I am taking medical assistant classes, but this woman didn't look well. And when I heard, ""I feel like I might pass out,"" I knew I couldn't sit there and do nothing. I grabbed her a cold cup of water from the fountain. She was so grateful and it was helping her. One of the medical assistants turned the heat down. This woman wasn't being overdramatic! She looked like she was going to keel over. When she asked him if he did something he told her, ""shut up, I will get it done."" 

I don't get taking your spouse to an appointment if you are going to treat them so badly. This woman said she has lost 50 pounds in two months and they have no idea what's going on with her. He didn't seem concerned because her tests were all normal so far. I told him mine used to be, too and now we know I have a lot wrong with me. If that were my spouse feeling so sick I would be worried about them, not telling them stop being dramatic and to shut up.";"Boomer men are so bad that an entire genre of comedy used to exist about being a 💩 husband and hating your wife.
 
Of course, now they are trying to turn that into policy, so it’s worse.";They grew up with I Love Lucy and thinking its funny that her husband threatened to hit her. Oh, but it was all just joking and he was a really good guy bc he never actually did it. Imagine being imprinted with that at a young age. Its fucked.;Yes;;Hetero;Boomer;Generic;Neg;0;0;family_values;;1;0;0;;0;0;;1;Emphatic;Trait;1;Support;0;0;0;1;0;0;;1;Generic;Neg;0;0;family_values;;0;0;0;;1;0;;1;emphatic;Trait;0;;
;BoomersBeingFools;1ojg59m;nm2zji7;Boomer guy freaked out and abandoned their car when I told them I couldn't fix it.;"For immediate context I work overnight at a gas station in the middle of deep south nowhere surrounded by local and imported boomers (aka retired yankees).

And I'm wrapping up cookie packs at 2am when boomer guy nearly rips the door off rushing into the store.

***""I NEED YOU TO FIX MY CAR!""*** He screams while pointing at the car next to pump 6.

Okay, that's a weird opener but I got my customer service mask on and roll with it.

*Hey that sounds annoying buddy, but I'm not a mechanic. Do you need to call Triple A?*

***""YOU WORK AT A GAS STATION! YOU'RE SUPPOSED TO KNOW HOW TO FIX CARS! NOW GO FIX MY CAR!""***

Screams boomer guy while banging violently on the counter.

Okay, well fuck this guy, am I right? 

So I grab my maglite, ya know the one that's almost two feet long and filled with D cell batteries? Like it's not technically a weapon, but it's pretty much a billy club with a light bulb attached.

I use it to point at the door and tell boomer guy to get out with my loudest angry voice.

And he does.

Boomer guy then leaves his car at the pump and just walked off into the night.

I called the cops to make a report the abandoned car and had the on call tow company pick up the car.

It's more than twelve hours later and I haven't got an update, but yeah that was fucking weird.";Never follow a Boomer to a second location;You ain't getting me to no secondary location!;No;Joke thread;;;;;;;;;;;;;;;;;;;;;;;;;;;;;;;;;;;;;;;;;;;;;;;
;BoomersBeingFools;1ohazwx;nls62ws;Im never to old to learn, boomers apperantly are.;"A boomer calls in at my job.
Tells me something i did not know.(about senior phones)

So i reply ""I did not know that"" 
Boomer ""yeah you're never too old to learn""

Boomer then asks a question.
I answer it.

Boomer ""young lady, I'm 88, i don't know how to do that""

Me ""The public library has courses that can help you familiarize yourself with them"" 

Boomer ""young lady, I am 88, I can't""

Me ""I thought you were never too old to learn?""

Boomer ""wow that's rude, I'm 88""

Hears a person in the background

Person takes phone.

Person ""whats the problem? Why arent you helping my mother?"" 

Me ""i am trying to help, but i can't as the help.she wants we don't offer, so i suggested she'd go to the library, they can help her and teach her.

Person ""my mother is 88""

Me ""she did tell me you're never to old to learn""

Person: ""are you [explitive] [slur] ?, i told you.my mother is 88""



Why are they always hiding behind their age, to not do something?";I no longer accept this excuse from the elderly. Computers have been mainstream since the early 2000s. That means these people would have been in their 50s-60s. They have had almost 30 damn years to learn. They refuse to. That is not acceptable nor is it my problem they have failed to educate themselves.;"Thats one of my reasons to dislike the ""i'm ** years old. I dont know how to use that""  with a lot of things.";Yes;;Hetero;Boomer;Generic;Neg;0;0;tech_media;;0;0;0;;1;0;;0;;Trait;0;Support;0;0;0;0;0;0;0;1;Generic;Neg;0;0;tech_media;;0;0;1;Existential;1;0;;0;;Trait;0;;
;BoomersBeingFools;1ohky54;nlonou8;MAGA boomer making a fool of himself on YouTube shorts;"I've seen this guy across my shorts feed a few times.  Promptly kept scrolling.  Finally decided to sit for a second and it was exactly what I expected it to be.  A sad old fool being antagonistic and derogatory towards everyone he disagrees with. (And flat-out bigotry of all forms.)
He pretends no one gets under his skin but will immediately mute you from chat for speaking against him.  Sounds like something you'd do if someone gets under your skin, huh?  Just as a public PSA, if you stumble across this channel.  Report it and block him from your feed.";"How is Shoenice still alive?

His brain can't have survived all of that mess he was into in the early days of his internet career.";Just another racist.;Yes;;Hetero;Boomer;Specific;Neg;0;0;Health;;0;0;0;;1;0;;1;Emphatic;Trait;0;Support;0;0;0;0;0;0;;1;Specific;Neg;0;0;politics_civics;;0;0;0;;0;0;;1;Other;Trait;0;;
;BoomersBeingFools;1ojg59m;nm38mkz;Boomer guy freaked out and abandoned their car when I told them I couldn't fix it.;"For immediate context I work overnight at a gas station in the middle of deep south nowhere surrounded by local and imported boomers (aka retired yankees).

And I'm wrapping up cookie packs at 2am when boomer guy nearly rips the door off rushing into the store.

***""I NEED YOU TO FIX MY CAR!""*** He screams while pointing at the car next to pump 6.

Okay, that's a weird opener but I got my customer service mask on and roll with it.

*Hey that sounds annoying buddy, but I'm not a mechanic. Do you need to call Triple A?*

***""YOU WORK AT A GAS STATION! YOU'RE SUPPOSED TO KNOW HOW TO FIX CARS! NOW GO FIX MY CAR!""***

Screams boomer guy while banging violently on the counter.

Okay, well fuck this guy, am I right? 

So I grab my maglite, ya know the one that's almost two feet long and filled with D cell batteries? Like it's not technically a weapon, but it's pretty much a billy club with a light bulb attached.

I use it to point at the door and tell boomer guy to get out with my loudest angry voice.

And he does.

Boomer guy then leaves his car at the pump and just walked off into the night.

I called the cops to make a report the abandoned car and had the on call tow company pick up the car.

It's more than twelve hours later and I haven't got an update, but yeah that was fucking weird.";I think he was just a lead poisoned entitled prick that expected someone to fix everything for free because they yelled loud enough.;The walking off into the night kinda suggests early onset dementia.;Yes;;Hetero;Boomer;Specific;Neg;0;0;Health;;0;0;0;;0;1;Epistemic;0;;Trait;1;Mitigate;0;0;0;1;0;0;;1;Specific;Neg;0;0;Health;;0;0;0;;0;1;Epistemic;0;;Trait;0;;
;terriblefacebookmemes;126zu46;jebua2e;RETURN TO OUR ROOTS;"Hello everyone,

&#x200B;

Originally this subreddit was about \*Boomer memes\*. It was about memes so painfully unfunny and out of touch that you would choke on a minion if you had to endure one more cry-laughing emoji on a sad post.

https://preview.redd.it/db2c8xfg2yqa1.jpg?width=680&format=pjpg&auto=webp&s=d43ee1e3dc8d6a5e567363048eb9a13650e92344

&#x200B;

Over time we have slowly mutated into some kind of unholy abomination where today most of the posts made to this subreddit are just outright racism or transphobia. 

&#x200B;

Alright, we said, ok, but the point is to make fun of sad little memes that these people think are so profoundly common-sensical so our mandate is preserved. This place exists to showcase bad memes for purpose of education and entertainment. 

&#x200B;

Unfortunately we spend an inordinate amount of time banning people who \*agree with the racism\*.  ""This is based!"" they will gurgle, ""This isn't bad at all"" we hear fartily from the wings. ""But this is just true. It's not fair! This racism is just true!"" cries a third. 

&#x200B;

This will not do. 

&#x200B;

Somewhere in Febuary a smarter than average subscriber in modmail alerted us to the fact that reddit has a terms of service and today we alert you to that too.

&#x200B;

[These are the rules we all agreed to follow when we made an account](https://www.redditinc.com/policies/user-agreement-september-12-2021)

&#x200B;

So, apparently, subreddits can get banned and users can get sitewide suspended for the shit we feature here. Even if it is meant to laugh at. Even if we explicitly say that agreeing with the bad memes is forbidden.

&#x200B;

For some bizarre, unfathomable reason we do actually like this place. We want to keep it. We want to see it prosper.

&#x200B;

So we need to go back to our roots.

https://preview.redd.it/nruh6xc52yqa1.jpg?width=1590&format=pjpg&auto=webp&s=98ac4e3ef9ed6d32929173daa85b0cd3944565aa

&#x200B;

No more racism. No more transphobia. No more homophobia. No more making fun of my mom. 

&#x200B;

From now on all posts have to follow the site-wide rules. 

&#x200B;

From now on we will be about Boomer memes again. 

&#x200B;

Thank you everyone and happy minioning!

&#x200B;

&#x200B;

https://preview.redd.it/efzmd36x1yqa1.png?width=300&format=png&auto=webp&s=a0f87b658a9ef749d1550956537f3b20775cc6b7";Well i'm sure we will have very calm discussion about it;I want to put the nerd emoji but I won't;No;Off-topic;;;;;;;;;;;;;;;;;;;;;;;;;;;;;;;;;;;;;;;;;;;;;;;
;GenXTalk;1n7r68d;nca6bie;So....rock wars...;"Whenever I talk to older GenX guys about our childhoods, ""rock wars"" always come up as just regular conversation. Like it was just a baseline normal thing for us to do when we were kids.

We also had bottle rocket wars, snowball fights, snowball-with-rocks-in-them fights, and once ""one of us"" put a piece of glass in a snowball.

Anyway when I mention it to later gens they look at me like I'm crazy and start making references to Lord of the Flies.

How much can you relate to this?

GenX ladies, is there an analog to this? An activity you did when you were, say, under 11, that later generations would consider crazy?

EDIT: Shocked and awed at how many ladies got their rocks off as well. Good for you.";"I love that scene in it

I still touch the dent over my R ear from a snowball with a rock in it thrown by Ronnie Hubbard.";You got in a snowball rock fight with L. Ron Hubbard? Incredible.;Yes;;Auto;genx;Generic;Mixed;1;O;family_values;;1;0;1;Universal;0;0;;0;;Trait;0;Support;0;0;0;0;0;0;;1;Specific;Mixed;0;0;family_values;;0;0;0;;0;0;;0;;Event;0;Annotated Selftext as Parent;
;Xennials;1ojgwcd;nm397f2;Any other southerners remember this series from grade school?;"Xennial from Texas. I feel like alot of modern conservative ideals and quotes can point to this book series. The most memorable and infuriating (to me) being “it’s better to ask forgiveness than permission”

Did anyone else’s school system try to indoctrinate you with tales of this mutt?";I think I got him to autograph my book 😅;I feel like I did too, but I haven’t seen the book in foreeever so idk if I’m misremembering or what LOL;No;Off-topic;;;;;;;;;;;;;;;;;;;;;;;;;;;;;;;;;;;;;;;;;;;;;;;
;GenXWomen;1ohys3j;nlrocoa;Very Gen X Dinner- Mom's Meatloaf- Still Killer!;"Does everyone miss their mom this time of year? Every fall I get hungry for a typical mid-week meal like my mom used to make when I was a kid.

This is what I made- 

**Mom's Meatloaf**\- Barbecue sauce and chopped bacon on top. People go crazy for this meatloaf. Mom used to just lay the bacon on top. I wish she had lived long enough to see the Chopped Bacon Era. It's really something. Sorry, mom. I win. 

**Rice with Butter, Salt and Pepper**\- This is how we always ate it back then. So good. 

**Steamed Broccoli, Randomly With Mayonnaise On Top**\- Did everyone eat it this way or just us? I only have it this way when it's Meatloaf Time. It's really, really good. To me. If I didn't grow up with it I probably wouldn't touch it. 

All I need is one of those rectangular, store brand cartons of Rocky Road ice cream. 

I can't believe she made all that on a Wednesday after work. I'm worn out. I had today off. I don't usually cook this much on a weekday! 

**What Mom Meals do you still make, or which ones do you miss?** ";Ugh, I miss my mom *so much.*  She died 12 years ago tonight. 🖤 When I'm feeling nostalgic, I make her shepherd's pie or American chop suey recipes (a couple more old school comfort dishes...);Oh, I'm so sorry! Big hugs to you. The anniversaries can be hard. You definitely deserve some comfort food!;No;Off-topic;;;;;;;;;;;;;;;;;;;;;;;;;;;;;;;;;;;;;;;;;;;;;;;
;Xennials;1oi5pjz;nlt469s;There’s such a discourse about perimenopause now;"…when I feel like nobody ever talked about it before a couple years ago. I guess some of it is confirmation bias on my part from all of the Xennial women content creators on my social media algorithm who discuss it regularly (most famously JustBeingMelani and the “We Do Not Care Club”). Menopause was always talked about, of course, but I had no idea that the years leading up to it were also supposed to be full of bad symptoms. At 43, I have yet to experience any symptoms myself, but they’ll surely be coming soon; I’ll just keep lifting heavy at the gym and hoping for the best 🤷🏻‍♀️";Doctors spend six hours in total learning about menopause. Women’s health is woefully lacking.;"I wish we had better education about women's health in general. I work in memory care, and now that I'm in perimenopause, I'm beginning to realize there were so many things I could have done better for my female early onset residents. 

I'm a better advocate now, but the response from providers is disheartening. The doctors most of my residents use specialize in geriatrics, but perimenopause and menopause aren't part of that specialty. They don't want to refer out, and a lot of family members don't believe peri/menopause symptoms are real beyond the stuff that gets joked about, like hot flashes. 

I was able to advocate for one of my former residents to start hrt, and it was scary how much functioning she lost due to untreated perimenopause symptoms. Once they figured out her hrt, she improved enough that we were able to remove $800/mo in care upgrades because she was able to do a lot more for herself and the behaviors that were assumed to be untreatable dementia behaviors that almost landed her in geri psych almost completely dissipated. If she hadn't been exit seeking, we would have been able to move her to our unsecured memory care wing.";No;Off-topic;;;;;;;;;;;;;;;;;;;;;;;;;;;;;;;;;;;;;;;;;;;;;;;
;Older_Millennials;1mwyinf;nbiv9ez;Who here is defacto tech support for both older and younger generations?;;Gen x wife? If she is a xennial i am sure her computer knowledge is same as yours? I was born 84 so i have no idea;I was born 81 and she was born 76 and I definitely know more about computers than her. But it may be more of a male/female thing than a generational thing.;Yes;;Hetero;"Genx; xennial";Specific;Neutral;0;1;tech_media;;1;0;0;;1;1;Other;1;Emphatic;Trait;0;Oppose;0;0;0;1;0;0;;1;1;Neutral;0;1;tech_media;;0;0;0;;1;1;Modal;1;emphatic;Trait;0;;
;Xennials;1oi5pjz;nlt31o9;There’s such a discourse about perimenopause now;"…when I feel like nobody ever talked about it before a couple years ago. I guess some of it is confirmation bias on my part from all of the Xennial women content creators on my social media algorithm who discuss it regularly (most famously JustBeingMelani and the “We Do Not Care Club”). Menopause was always talked about, of course, but I had no idea that the years leading up to it were also supposed to be full of bad symptoms. At 43, I have yet to experience any symptoms myself, but they’ll surely be coming soon; I’ll just keep lifting heavy at the gym and hoping for the best 🤷🏻‍♀️";"Menopause was always talked about, but it was talked about as a joke, and the symptoms were vague. Just hot flashes and attitude. No one warned us about the joint pain, the immune responses, just "" you'll be cranky and hot""";Kind of like women having PMS or being upset equaling they must be having their period has been a joke?;No;Off-topic;;;;;;;;;;;;;;;;;;;;;;;;;;;;;;;;;;;;;;;;;;;;;;;
;GenXTalk;1mk3b67;n7g2t1y;Anyone else going back to using checks?;"I was at the Ram truck dealership ordering parts and found out that they were charging the 3.5% credit card processing fee.

I told the fellow GenX that was helping me that I would go back to using cash for small orders and checks for the expensive stuff. 

It used to be part of doing business, now they are making it hard.";"Nice! The military broke me of writing in cursive, I'm going to practice so I can do the same.

The nerve of businesses pushing the fees on the consumer just irks me.";Do you still write everything in CAPS since being enlisted? My wife does.;No;Off-topic;;;;;;;;;;;;;;;;;;;;;;;;;;;;;;;;;;;;;;;;;;;;;;;
;GenXTalk;1oh7yjl;nlnle85;Anyone else feel like Gen X became the in between generation?;"We grew up without the internet, adapted to it, and now we’re teaching both our parents *and* kids how to use it. Feels like we’re the glue holding two worlds together but no one really talks about us.

Anyone else feel that?";"It’s being called the sandwich generation now which is not as cool as GenX because of this exact thing.

I have no real living relatives so in that respect I guess I’m lucky. 😬 

I’m an open face sandwich. I really just have to worry about ensure the kids are getting it done and have the knowledge etc";Anyone our age is called the sandwich generation. I remember when our parents were called the sandwich generation - caring for their parents and their kids. When we get old, millennials will be the sandwich generation.;Yes;;Auto;Genx;Specific;Mixed;1;1;family_values;;1;0;0;;1;1;Epistemic;1;Other;Mixed;0;Mitigate;0;0;0;1;0;0;;1;Generic;Neutral;1;0;family_values;;1;0;1;Universal;0;0;;0;;Trait;0;;
;Xennials;1ojfbuu;nm2kg35;Tell me you're a Xennial without telling me you're a Xennial...;"I used to record music from my parents' records onto cassette tapes so I could listen to them on my Walkman. 
";“Say from Charms”;Wow, you unlocked a memory i didn't know i had.;No;Off-topic;;;;;;;;;;;;;;;;;;;;;;;;;;;;;;;;;;;;;;;;;;;;;;;
;generationology;1oi37nh;nlxrnxq;I never understood putting 1977 in xennials;I feel the birth years that meet the criteria of “Xennials” starts with those born in 1979. Why are we putting people who were a full time working 24 year old adult with a university/college degree when 9/11 happened in the same box as someone who was a teenage 17 year old child in high school when it happened. And don’t start with that “Star Wars Generation” shit, a movie trilogy doesn’t determine what group a birth year goes into.;"I mean, sure.

But what’s the difference, really, between 77 and 79?

These are all directional made up things anyway.";Yeah and what's the difference between 75 and 77?..;Yes;;Hetero;Xennial;Generic;Neutral;0;0;meta_identity;;0;0;1;Universal;0;0;;1;Emphatic;Trait;0;Support;0;0;0;0;0;0;;1;Generic;Neutral;0;0;meta_identity;;0;0;0;;0;0;;0;;Trait;0;;
;GenXTalk;1mk3b67;n7fq845;Anyone else going back to using checks?;"I was at the Ram truck dealership ordering parts and found out that they were charging the 3.5% credit card processing fee.

I told the fellow GenX that was helping me that I would go back to using cash for small orders and checks for the expensive stuff. 

It used to be part of doing business, now they are making it hard.";I use a check for my rent so that I have proof of payment as my landlord does not write out receipts. Everything else I use debit card / pay by check over the phone.;Why not just do bill pay through your bank for your rent? They will write a check and mail it out automatically for you and at no cost to you.;No;Off-topic;;;;;;;;;;;;;;;;;;;;;;;;;;;;;;;;;;;;;;;;;;;;;;;
;GenXWomen;1ohys3j;nlv1glb;Very Gen X Dinner- Mom's Meatloaf- Still Killer!;"Does everyone miss their mom this time of year? Every fall I get hungry for a typical mid-week meal like my mom used to make when I was a kid.

This is what I made- 

**Mom's Meatloaf**\- Barbecue sauce and chopped bacon on top. People go crazy for this meatloaf. Mom used to just lay the bacon on top. I wish she had lived long enough to see the Chopped Bacon Era. It's really something. Sorry, mom. I win. 

**Rice with Butter, Salt and Pepper**\- This is how we always ate it back then. So good. 

**Steamed Broccoli, Randomly With Mayonnaise On Top**\- Did everyone eat it this way or just us? I only have it this way when it's Meatloaf Time. It's really, really good. To me. If I didn't grow up with it I probably wouldn't touch it. 

All I need is one of those rectangular, store brand cartons of Rocky Road ice cream. 

I can't believe she made all that on a Wednesday after work. I'm worn out. I had today off. I don't usually cook this much on a weekday! 

**What Mom Meals do you still make, or which ones do you miss?** ";"Ok, to be fair, I didn't have a good relationship with my mother, and my memories of food and cooking was a difficult thing for me to navigate after we were estranged. I don't particularly miss her, though I will say that there were some food memories that I fought \*hard\* to reclaim and make my own, because there \*were\* good memories and connections in there amidst all the conflict and ugly. 

One of those is what we call sticky chicken. I make a very simplified version of the traditional way, but at it's base it's smothered chicken in a rich brown gravy. I make mine with boneless skinless chicken thighs (It's traditionally a whole chicken cut up, with bones and skin still on), LOTS of onion, and I like mushrooms in mine. I can make it in my sleep, and it's my #1 choice for comfort food when I want that. I usually serve it with white rice and something green on the side (broccoli or green beans, sometimes petit pois peas) and some French bread.";Sticky chicken sounds like a really good dish! I totally get the thing of being no contact with some family members. In order to keep my peace, I went no/low contact with my siblings after my parents died.;No;Off-topic;;;;;;;;;;;;;;;;;;;;;;;;;;;;;;;;;;;;;;;;;;;;;;;
;GenXTalk;1n0j9le;natjybr;there is no GAP by me;"a friend got me a shirt for my birthday and it’s not the right size. so i figured I would swing by a GAP either by my office or home. 

There are no more GAPs close to me at all.  

That just shocked me. As a kid from the 80s and adult in the 90s they seemed everywhere.   

Just shook my Gen X brain and a reminder that all these stores are disappearing around us.  

Anyone want an X large button down short sleeve shirt ? lol.";I had to look on the Maps and there are only 2 stores left in SF. WOW. There is also 2 Old Navy Stores and 2 Banana Republic stores. Wild how it changed.;Haven't seen a Banana Republic store in ages. Glad that they are still out there somewhere.;No;Off-topic;;;;;;;;;;;;;;;;;;;;;;;;;;;;;;;;;;;;;;;;;;;;;;;
;GenXWomen;1og8hq3;nlg3ffx;"Google Says;";"Gen X women (born roughly 1965-1980) are a resilient and financially powerful group navigating midlife, often facing a unique midlife crisis marked by burnout and a sense of unrealized expectations from their youth. 

OMG. Wow. For some reason I googled us...lol
I shot my wine out of my nose when I read the 'Financially Powerful' bit ....Still hacking and guffawing...";I’m not say it it was easy, but I grew up being told “you can do anything a man can do”, which meant I had a tough attitude from the word go. I didn’t take “no” for an answer, and if a door wasn’t open, I would smash a window (figuratively) and get it. Looking back, I must have been hard to work with, but my CEO appreciated the results. I achieved all my financial goals, and I must say I enjoyed the power. “Mental health” wasn’t really a word 20/30 years ago, so I suppose we all had burnout and just powered through. I do think that GenX is tougher, more resilient and more independent than the next generations. I would describe us as “self reliant”, which in my world is a good thing.;Me too, Dad has three girls and we knew that to be financially independent was important. I remember Dad said if you are being called a bitch, you were doing something right and standing up for yourself and others. I got to manage parks that I loved and work outdoors. The good old boy club though was strong in the South but I didn't take any of their shit being a New Yorker. But my body burnt out and the autoimmune illness kicked in and fried me. Oh well, but I was lucky to have a Dad that said anything is possible and a Mom as a role model making her own money and contributing. Happy for you and your success!! Wonderful!;Yes;;Auto;Genx;Generic;pos;0;1;work_economy;;1;0;1;Universal;1;1;Epistemic;0;;Trait;0;Support;0;0;0;0;0;0;;1;Specific;Mixed;0;1;work_economy;;0;0;0;;1;0;;0;;event;0;;
;GenXTalk;1m6pa47;n57ip17;Gen X ladies: how's your perimenopause or menopause experience going?;Just a check-in here. How's the rage, the moods, the bleeding, the sex drive, all the things?;"I guess I’ve been really lucky so far. I’m 51 and my period stopped just a few months ago. I’ve not had any mood swings or hot flashes, which is surprising to me, because when my mom went through menopause, she had the worst mood swings and hot flashes for nearly 10 years. 

I am having one really weird, unexpected, issue. And I swear I’m not complaining, nor of my bragging… But something has been going on with me for about a month now.   My sex drive has been through the roof.  I’m more amped up now than I was in my 20’s. I’m actually a little concerned about how intense my “need” has been.  I’ve never heard of this happening before, at least I’ve never heard anybody talk about it before, but I’d love to know if anybody else has had an experience like this and if it’s something they can actually be attributed to  menopause hormones.";Some women do report this! Increased sex drive in peri or even in meno. I think it's much rarer than those of us whose sex drive disappears. Although I just had an unexpected three days of high sex drive, and don't know if it was from natural peri stuff or because of something related to HRT (I don't / can't take testosterone).;yes;;auto;genx;Specific;pos;0;0;Health;;0;0;0;;1;1;Epistemic;1;Emphatic;Event;0;Support;0;0;0;0;0;0;;1;Generic;Neg;0;0;Health;;0;0;1;Existential;1;1;Epistemic;0;;Trait;0;;
;Xennials;1oi5pjz;nlt6sfy;There’s such a discourse about perimenopause now;"…when I feel like nobody ever talked about it before a couple years ago. I guess some of it is confirmation bias on my part from all of the Xennial women content creators on my social media algorithm who discuss it regularly (most famously JustBeingMelani and the “We Do Not Care Club”). Menopause was always talked about, of course, but I had no idea that the years leading up to it were also supposed to be full of bad symptoms. At 43, I have yet to experience any symptoms myself, but they’ll surely be coming soon; I’ll just keep lifting heavy at the gym and hoping for the best 🤷🏻‍♀️";In all fairness, perimenopause itself can be very vague, and every woman’s experience is unique. Symptoms can start and stop over the course of *years* so it can be tough to make any kind of connection, especially when we’re used to feeling like crap anyway.😆 ;Its like puberty, we all have a different experience there to.;Yes;;Auto;Xennial;Generic;Neg;0;0;Health;;0;0;1;Universal;0;0;1;1;other;trait;0;Support;0;0;0;0;0;0;;1;Generic;Neutral;0;0;Health;;0;0;1;Universal;0;0;;0;;Trait;0;;
;GenXTalk;1mw096v;n9vls19;Maynard from Tool is 61 years old.;"Barely outside the gen x range. He was such a voice and tool is such a great band. Thoughts?

Tool is such a great band. ";"I’ve seen Puscifer many times, including Sessanta 1 and 2 (Puscifer, A Perfect Corcle, Primus all on stage at once, with Maynard singing many songs for three hours straight). Dude is a massive bundle of energy and creativity. 

My SO thinks he’s an alien. 

Add to that the winery, the BJJ, the other media work, the storefronts in Jerome, AZ, and you have a person who really is the best version of themselves. That’s before you even get into Tool or his military service. 

I wouldn’t say I hero worship him, but I would say I have far more respect for him than most celebrities.";"Yeah, I'm not into celebrity but as an individual person, Maynard makes a lot of cool things happen. I've listened to Tool and A Perfect Circle during so many hard times, and it's pumped me back up...I can't imagine how those times would have felt without his work. ""What a guy.""";No;Off-topic;;;;;;;;;;;;;;;;;;;;;;;;;;;;;;;;;;;;;;;;;;;;;;;
;GenXTalk;1m6pa47;n4lw3q0;Gen X ladies: how's your perimenopause or menopause experience going?;Just a check-in here. How's the rage, the moods, the bleeding, the sex drive, all the things?;52 and still waiting to find out 💀;Are you in peri, though??? I am 56 and still in peri. Over ten years of this bullshit. Awful.;No;Off-topic;;;;;;;;;;;;;;;;;;;;;;;;;;;;;;;;;;;;;;;;;;;;;;;
;GenX;1oj5mcr;nm0lld1;Sending love to all my GenX ladies getting diagnosed with breast cancer 💖;I’m barely 50 and was diagnosed with aggressive bilateral breast cancer last year.  It was a rude slap from the universe just as I was entering what I thought would be some of my best years - I finally had all the wisdom, self confidence, and stability and was so darn happy with life.  Now I’m in forced medical menopause and dealing with unbelievably awful side effects, and I’m left off the HRT happy train that seems to have taken off.  And every time I turn around, friends and friends of friends are getting diagnosed as well.  It’s unreal!  So just wanted to send a big hug to my fellow GenX-ers that are getting hit with this awful disease. I see you and feel it all!;"Me too, except 3 years out from surgery, almost 4 years from diagnosis. 
TNBC is so frightening, one of my friends with it passed and another is stage 4. It’s really a “spin the wheel” diagnosis. 

That being said, I’m still here, I had PCR after surgery and I am feeling awesome!! Positivity is definitely key. 💕";I was very lucky to have it caught at stage 1 during routine mammogram.  Even the docs could not feel the lumps because they were small and deep. Glad you are still here.;Off-topic;;;;;;;;;;;;;;;;;;;;;;;;;;;;;;;;;;;;;;;;;;;;;;;;
;GenXWomen;1ohys3j;nlvu3h7;Very Gen X Dinner- Mom's Meatloaf- Still Killer!;"Does everyone miss their mom this time of year? Every fall I get hungry for a typical mid-week meal like my mom used to make when I was a kid.

This is what I made- 

**Mom's Meatloaf**\- Barbecue sauce and chopped bacon on top. People go crazy for this meatloaf. Mom used to just lay the bacon on top. I wish she had lived long enough to see the Chopped Bacon Era. It's really something. Sorry, mom. I win. 

**Rice with Butter, Salt and Pepper**\- This is how we always ate it back then. So good. 

**Steamed Broccoli, Randomly With Mayonnaise On Top**\- Did everyone eat it this way or just us? I only have it this way when it's Meatloaf Time. It's really, really good. To me. If I didn't grow up with it I probably wouldn't touch it. 

All I need is one of those rectangular, store brand cartons of Rocky Road ice cream. 

I can't believe she made all that on a Wednesday after work. I'm worn out. I had today off. I don't usually cook this much on a weekday! 

**What Mom Meals do you still make, or which ones do you miss?** ";"Hello! Brit here. I would love to make an authentic American meatloaf. If anyone would be happy to share their (/mum's/gran's) recipe, I'd be ever so grateful. TIA

(& it's my mum's shepherds pie I miss and now make for myself)";"Hello! Here it is! Might need to have measurements and temperatures converted: 

**Mom’s Meatloaf** 

**Ingredients:**

**Meatloaf:**

* 1 lb. lean ground beef
* ½ lb. ground pork (Or just use all beef)
* ¾ cup quick-cook oats
* ¼ cup tomato sauce or catsup
* 1 yellow onion, small dice
* 1 egg, beaten
* 1 ½ tsp. salt
* Garlic powder and freshly ground pepper to taste

**Topping:** 

* For sauce (or use commercial barbecue sauce such as K.C. Masterpiece):
   * 1-1/2 cup catsup
   * 1/3 cup brown sugar
   * 1 dash each Worcestershire sauce, Wright’s Liquid Smoke
* 4 Slices of bacon, roughly chopped

**Directions:**

* Preheat oven to 375 degrees
* Sauté onion, set aside
* In large bowl mix ground meat, oats, tomato sauce, salt
* Beat egg, mix into tomato sauce
* Add onion
* Season to taste with garlic powder and pepper
* In the center of an 11 X 13” pan, form into a flat, oblong loaf roughly 2 ½ inches thick
* In a small bowl, mix ingredients for sauce, spread over top of meatloaf
* Mix bacon pieces with a little extra sauce, and arrange on top of meatloaf
* Bake at 375 degrees for approximately one hour
* Meat thermometer should read 160 degrees";No;Off-topic;;;;;;;;;;;;;;;;;;;;;;;;;;;;;;;;;;;;;;;;;;;;;;;
;Xennials;1oiv5ye;nm12nz9;We are magic, that's how i choose to interpret this timeline.;;"> I find Xennial is best explained as 'was a teenager in the 90s'

Literally all of my teenage years occurred in the 1990s.";"Same, I was born in 1980. But my sis born in 85 I would still think of as a Xennial because she owned every season of Friends on VHS then re bought them on DVD.

She still has the VHS tapes as well.";Yes;;auto;Xennial;Generic;Neutral;0;0;meta_identity;;1;0;1;Universal;0;0;;1;Emphatic;Trait;0;Support;0;0;0;0;0;0;;1;Specific;pos;0;0;tech_media;;1;0;1;Universal;0;1;Modal;1;Other;Event;0;Annotated Selftext as Parent;
;GenXTalk;1mk3b67;n7fspc1;Anyone else going back to using checks?;"I was at the Ram truck dealership ordering parts and found out that they were charging the 3.5% credit card processing fee.

I told the fellow GenX that was helping me that I would go back to using cash for small orders and checks for the expensive stuff. 

It used to be part of doing business, now they are making it hard.";If they charge a fee, I write a check or do a bank transfer. 3.5% adds up on bigger purchases. Also it's the principle of it. : );Whenever possible I do bank transfer.;No;Off-topic;;;;;;;;;;;;;;;;;;;;;;;;;;;;;;;;;;;;;;;;;;;;;;;
;GenXTalk;1na1icg;nctmzv9;GenX War Arsenal Summary;"Going through all the familiar and amazing stories posted in Rock, here is a list of all weapons:

**Ranged:**

Rocks

Dirt Clods

Snowballs

Snowballs with rocks/glass/firecrackers in them

Iceballs

Pencils

Roofing Discs

Jarts /Lawn Darts

BB Gun

Uncooked Pasta/BB Gun

Q-Tips/BB Gun

Fir Cones (aka Seagull Turds)

Many of the above sometimes involving slingshots

River reeds as spears

**Ranged Biological:**

Crabapples

Eggs

Black Walnuts

Chestnuts

Horse Chestnuts

""Spiky Chestnut Balls""

Buckeyes

Osage Oranges/Brain Fruit

Rotten Grapefruits

A watermelon rind

Unripe plums

Cow patties

Cotton bulbs

**Ranged Incendiary:**

Bottle Rockets

Roman Candles

Firework mortars

General fireworks

**Ranged Psychological:**

Dead butterflies

**Melee:**

Sticks

Cat-tails

Hot Wheels Track

# GO WOLVERINES! <---(Red Dawn reference)";I have no idea what they are.  Was hoping someone would enlighten!;"lol they're the nut of a buckeye tree. You're a UMich fan and don't know what a buckeye is?

https://preview.redd.it/vv8oypo8zmnf1.png?width=525&format=png&auto=webp&s=198f6682f4f3528370b14846a9d98c2141beee3c";no;Off-topic;;;;;;;;;;;;;;;;;;;;;;;;;;;;;;;;;;;;;;;;;;;;;;;
;GenXTalk;1n7r68d;nca0gpk;So....rock wars...;"Whenever I talk to older GenX guys about our childhoods, ""rock wars"" always come up as just regular conversation. Like it was just a baseline normal thing for us to do when we were kids.

We also had bottle rocket wars, snowball fights, snowball-with-rocks-in-them fights, and once ""one of us"" put a piece of glass in a snowball.

Anyway when I mention it to later gens they look at me like I'm crazy and start making references to Lord of the Flies.

How much can you relate to this?

GenX ladies, is there an analog to this? An activity you did when you were, say, under 11, that later generations would consider crazy?

EDIT: Shocked and awed at how many ladies got their rocks off as well. Good for you.";You were tougher than our group apparently. We didn’t throw rocks, we threw dirt clods. But yes to the bottle rocket (and Roman candle) and snowball fights. And speaking of snow, another activity was to climb the pile of snow that was left after they plowed the school parking lot and play king of the hill. Basically a bunch of kids swarming up the pile and trying to push one another to the ground.;Ah yes, I forgot about the dirt clods.;yes;;auto;genx;generic;mixed;1;1;family_values;;0;0;0;;1;1;Appearance;0;;Event;0;Support;0;0;0;0;0;0;;0;;;;;;;;;;;;;;;;;;;
;Xennials;1oi5pjz;nlt6avm;There’s such a discourse about perimenopause now;"…when I feel like nobody ever talked about it before a couple years ago. I guess some of it is confirmation bias on my part from all of the Xennial women content creators on my social media algorithm who discuss it regularly (most famously JustBeingMelani and the “We Do Not Care Club”). Menopause was always talked about, of course, but I had no idea that the years leading up to it were also supposed to be full of bad symptoms. At 43, I have yet to experience any symptoms myself, but they’ll surely be coming soon; I’ll just keep lifting heavy at the gym and hoping for the best 🤷🏻‍♀️";Mine was in menopause when I was in middle school, and JFC, no household ever needs a woman whose hormones just got turned off and one who just had hers turned on. It was emotional chaos.;My mother underwent a hysterectomy the same year I started HBC to establish an official cycle (I had every sign of completing puberty except monthly bleeding and was 16-guess who’s got PCOS). Once I started HBC TSHTF in our house. My poor dad and brothers.  They lived with two dragons who were ALWAYS looking for a reason to go to war and burn everything (and everyone) to the ground around them.;no;Off-topic;;;;;;;;;;;;;;;;;;;;;;;;;;;;;;;;;;;;;;;;;;;;;;;
;Xennials;1ojlaqu;nm52vzo;My 14 year old asked me why my sense of humor skews dark.;I told him because when I was around his age, this is some of what I was consuming. Xennials grew up when Spike and Mike went mainstream, when late night HBO was insane, when we had to explain to our grandparents on a Sunday morning why a chihuahua that they thought sounded like Peter Lorre and a cat that sounded like Larry Fine were wearing rubber nipples on Nickelodeon. Yes, I also obsessed over The Simpsons and SNL and Kids in the Hall, I watched children get eaten and tortured on You Can’t Do That on Television, but when asked why I’m drawn to dark humor, these shows (or shorts) from the cusp of my teenage years are a large part of it.;There's no dog.... but there's a baboon!;"Cartoon baboon?

![gif](giphy|V15I85Wg40cU0)";no;Joke thread;;;;;;;;;;;;;;;;;;;;;;;;;;;;;;;;;;;;;;;;;;;;;;;
;GenXTalk;1n7r68d;nca9ztn;So....rock wars...;"Whenever I talk to older GenX guys about our childhoods, ""rock wars"" always come up as just regular conversation. Like it was just a baseline normal thing for us to do when we were kids.

We also had bottle rocket wars, snowball fights, snowball-with-rocks-in-them fights, and once ""one of us"" put a piece of glass in a snowball.

Anyway when I mention it to later gens they look at me like I'm crazy and start making references to Lord of the Flies.

How much can you relate to this?

GenX ladies, is there an analog to this? An activity you did when you were, say, under 11, that later generations would consider crazy?

EDIT: Shocked and awed at how many ladies got their rocks off as well. Good for you.";You got in a snowball rock fight with L. Ron Hubbard? Incredible.;Dianetics TO THE FACE.;no;Joke thread;;;;;;;;;;;;;;;;;;;;;;;;;;;;;;;;;;;;;;;;;;;;;;;
;GenXTalk;1n0j9le;nasitrr;there is no GAP by me;"a friend got me a shirt for my birthday and it’s not the right size. so i figured I would swing by a GAP either by my office or home. 

There are no more GAPs close to me at all.  

That just shocked me. As a kid from the 80s and adult in the 90s they seemed everywhere.   

Just shook my Gen X brain and a reminder that all these stores are disappearing around us.  

Anyone want an X large button down short sleeve shirt ? lol.";I we go to Old Navy instead because, you know, it’s the same company.;LOL just did a search for them as well and not close either.  WOW I miss the 90s;No;Off-topic;;;;;;;;;;;;;;;;;;;;;;;;;;;;;;;;;;;;;;;;;;;;;;;
;GenXWomen;1ofptms;nlb0cfe;Where have you all been my whole life? (And also a question.);"I just found you all and OMG I'm in love with you all already. Thank you for existing here in Reddit! I feel like I've come home. :) 

Question for you all: My boyfriend and I were chatting the other day about GenX idols. Like, who were the leaders or celebrities that we idolized and looked up to, almost like a deity (which might be a bit much to ask from us, because I think we probably treat most ""deities"" with a grain of salt). These could be political figures, music, but someone who defined our energy who we would still listen to today. I have my own personal list, but to be honest I go back and forth about them. For example, back in the day, I would have said Bono. But lately I think he's kind of an asshole (especially since he tweeted something about how rock n roll has gotten too ""girlie""). I'm also really looking for women role models -- people who have stood the test of time. I think of Cyndi Lauper in this sense. Politically, I think many of us loved Obama (I know I did). What say ye? ";Björk’s been an example of how a woman can be completely herself and make her career about her work, not her sexuality and I have always loved her for that so much.  And she’s very committed to environmental issues in Iceland.  And she’s been way ahead of her time musically since she started.  I find her endlessly inspiring;I’m so glad that you’re giving Björk her flowers here. I have recently become reenamored with her: her music, her aesthetic, her ferocity, her weirdness, her unapologetic living! I find so much inspiration in her.;No;Off-topic;;;;;;;;;;;;;;;;;;;;;;;;;;;;;;;;;;;;;;;;;;;;;;;
;GenXWomen;1ofptms;nlavfbi;Where have you all been my whole life? (And also a question.);"I just found you all and OMG I'm in love with you all already. Thank you for existing here in Reddit! I feel like I've come home. :) 

Question for you all: My boyfriend and I were chatting the other day about GenX idols. Like, who were the leaders or celebrities that we idolized and looked up to, almost like a deity (which might be a bit much to ask from us, because I think we probably treat most ""deities"" with a grain of salt). These could be political figures, music, but someone who defined our energy who we would still listen to today. I have my own personal list, but to be honest I go back and forth about them. For example, back in the day, I would have said Bono. But lately I think he's kind of an asshole (especially since he tweeted something about how rock n roll has gotten too ""girlie""). I'm also really looking for women role models -- people who have stood the test of time. I think of Cyndi Lauper in this sense. Politically, I think many of us loved Obama (I know I did). What say ye? ";I loved Cyndi, Madonna, Lita, Joan, a lot of the 80s ladies. All were strong seeming women with zero ducks to give.  The Riot Grrrls came next.;Madonna can suck it. She’s no idol. Have you seen her lately? how is that Boomer being a feminist role model by putting out sex books and films and getting herself a Mar a Lago face? And did you miss where she berated a disabled person in a wheelchair for not standing up at one of her concerts? she’s a real see you next tuesday!;Yes;;Hetero;Boomer;Specific;pos;1;1;meta_identity;;0;0;1;Universal;1;1;Appearance;0;;Trait;O;Oppose;0;1;0;0;0;0;;1;Specific;Neg;0;0;meta_identity;;1;1;0;;1;0;;1;emphatic;Mixed;1;;
;Xennials;1ojgwcd;nm31sg0;Any other southerners remember this series from grade school?;"Xennial from Texas. I feel like alot of modern conservative ideals and quotes can point to this book series. The most memorable and infuriating (to me) being “it’s better to ask forgiveness than permission”

Did anyone else’s school system try to indoctrinate you with tales of this mutt?";I grew up in Seattle and I loved these books! I used to get them from the library 😂;Michigan, but same. Fun books to read as a kid.;No;Off-topic;;;;;;;;;;;;;;;;;;;;;;;;;;;;;;;;;;;;;;;;;;;;;;;
;generationology;1oiwtxb;nm0sqid;9-Year Theory and American Youth Culture;;"I was also born in 1982, and my life growing up was basically the ""text book"" Gen X experience.";"That textbook X experience is really more textbook original Gen Y experience

textbook Gen X experience was:  
big hair, wild styles, John Hughes, pop/rock/hair metal, the first arcade and video games, first portable music, first digital music, arrival of home video, Micronauts, Barbie-sized GI Joes, valley girl/surfer dude, Star Wars films and Raiders and so on seen in theaters when they first came out (although really Jones, also Grease), Rubik's Cube craze, early 80s break dancing craze, The Cosby Show, Family Ties, Who Shot JR?, etc. Phil Collins, Madonna, MJ, The Go-Gos, The Bangles, Duran Duran, Pat Benatar, Joan Jett & The Blackhearts, Sheena Easton, Oliva-Newton John, Depeche Mode, U2, Irene Cara, Journey, Van Halen, Whitesnake, Poison, Heart, Def Leppard, Debbie Gibson, Vixen, Tiffany, Belinda Carlisle, pop Whitney Houston, Lisa Lisa, Tina Turner, Huey Lewis & The News, Wham!/George Michaels, INXS, Pebbles, Expose, Tears For Fears, OMD, Cyndi Lauper, Quiet Riot, Blondie, Laura Branigan, Steve Winwood, The Human League, Mister Mister, etc. etc.";Yes;;auto;Genx;Specific;Neutral;0;0;meta_identity;;1;0;0;;0;1;Other;0;;trait;0;Oppose;0;0;0;0;0;0;;1;Generic;Neutral;0;0;meta_identity;;1;0;0;;0;0;;1;emphatic;Trait;0;;
;Younger_GenX;1b4blpv;kv50huo;"What are some of the coolest things about being ""second wave"" Gen X?";"Personally, I loved being a teen and a young adult in the '90s. I love the '80s, too, but I'm kind of glad I didn't experience my coming of age during that decade. I feel like the '90s had a very exciting energy that hasn't really been replicated since.

Please share what you think makes our cohort unique. :)";I think the cool thing about being the second wave of Gen X, is kind of experiencing growing up in two different decades. I was born in 1980, but didn't come of age until 1998. My favorite movies are Dirty Dancing, Top Gun, Home Alone, and American Pie. While the music in the 80s was the best decade for music across all genres, we  also got to experience the 80s with Michael Jackson, Madonna, Prince, RUN DMC, New Kids On The Block, and the 90s with the Backstreet Boys, Tupac, Biggie and Nirvana. On t.v we experienced The Cosby Show, Full House, and the Fresh Prince of Bellaire.;Totally -- loved growing up in both the '80s and '90s, and I feel like someone born in '80 especially would have had the best of both of those. So many great movies back then, and the '80s pop stars were seriously on another level.;Yes;;Auto;genx;Generic;Pos;0;0;tech_media;;1;0;1;Universal;0;1;Epistemic;0;;Event;0;Support;0;0;0;0;0;0;;1;Generic;pos;0;0;tech_media;;0;0;1;Existential;0;1;Epistemic;1;emphatic;Trait;;;
;Xennials;1ojgwcd;nm3hn1m;Any other southerners remember this series from grade school?;"Xennial from Texas. I feel like alot of modern conservative ideals and quotes can point to this book series. The most memorable and infuriating (to me) being “it’s better to ask forgiveness than permission”

Did anyone else’s school system try to indoctrinate you with tales of this mutt?";I have a signed copy of that book somewhere…book 21?;Indeed! That's the best one to have signed, in my opinion. I've always liked spooky stuff.;No;Off-topic;;;;;;;;;;;;;;;;;;;;;;;;;;;;;;;;;;;;;;;;;;;;;;;
;GenXTalk;1n3sda9;nbfz1fw;For Gen X in our fifties and sixties, what videos actually help you now;I am a Gen X viewer in my fifties who spends quiet time on YouTube and I keep noticing a gap between what shows up on my home page and what I truly need at this stage. I would love to hear from those in their fifties, sixties, or older. When you open YouTube, what do you type into search. Which topics feel missing or underdone for us. Are there life after fifty questions that rarely get answered well, such as living alone with joy, brain health, money and work pivots, relationships after loss, or building meaning and purpose. What would make you press play right away and watch to the end. Short replies are perfect. A couple of recent searches or examples would help a lot. Thank you for sharing.;I'm a little unclear what you're trying to ask, but I like road trip and walking tour videos. They relax me before I turn in at night and are educational, too.;Thanks, that’s really clear. Road trip and walking tour videos sound like a great way to relax and also see new places. I hadn’t thought of that angle before.;No;Off-topic;;;;;;;;;;;;;;;;;;;;;;;;;;;;;;;;;;;;;;;;;;;;;;;
;GenXTalk;1nw0pt7;nhdrj7s;For those in long term relationships;"Was there ever a time when you thought your relationship was over.  But you guys got through it?

I feel like our generation had to navigate so much pressure and change 
";"We had some big fights. Tbh, we are at a place where I actually don’t care enough to argue. In true GenX fashion, my dominant feeling about the relationship is apathy. We have a good life, a nice home, and I’m comfortable. We get along. We have fun together. But if the relationship ended I’d be more upset about the disruption to my life’s equilibrium than losing this partner romantically. Maintaining the relationship benefits both of us in more ways than could be overcome by any benefit associated with being “free”. And those benefits would be, like, not having to wait for the bathroom, and like less kitchen mess to clean up. Minor things.\
I never used to understand this kind of relationship when I was younger. I knew this is how my grandparents lived. Friendly companionship and cohabitation but otherwise kind of separate lives. Now I get it. I like my lifestyle too much to turn it upside down…for what? I don’t want another man. If this one ends, I’ll stay single or find another woman to share a household.\
“Whatever” :D";"Many, many marriages like this.    And in many cases, i doubt the guy actually realizes it completely 

Hardly a bad outcome all things considered";Yes;;Auto;genx;generic;Neutral;0;1;family_values;;1;0;0;;1;1;Epistemic;1;Emphatic;Trait;0;Support;0;0;0;0;0;0;;1;Generic;Neutral;0;0;family_values;;0;0;1;Existential;1;1;Epistemic;1;emphatic;Trait;;;
;GenXTalk;1n7r68d;nc9wozu;So....rock wars...;"Whenever I talk to older GenX guys about our childhoods, ""rock wars"" always come up as just regular conversation. Like it was just a baseline normal thing for us to do when we were kids.

We also had bottle rocket wars, snowball fights, snowball-with-rocks-in-them fights, and once ""one of us"" put a piece of glass in a snowball.

Anyway when I mention it to later gens they look at me like I'm crazy and start making references to Lord of the Flies.

How much can you relate to this?

GenX ladies, is there an analog to this? An activity you did when you were, say, under 11, that later generations would consider crazy?

EDIT: Shocked and awed at how many ladies got their rocks off as well. Good for you.";We’d have crabapple fights.;We’d throw buckeyes at each other. Bonus points if the shell was still on because of the spikes;yes;;Auto;genx;Generic;Mixed;1;1;family_values;;0;0;0;;0;0;;0;;Event;0;Support;0;0;0;0;0;0;;1;Generic;Mixed;1;0;family_values;;0;0;0;;0;0;;0;;Event;0;;
;generationology;1oi37nh;nlszj17;I never understood putting 1977 in xennials;I feel the birth years that meet the criteria of “Xennials” starts with those born in 1979. Why are we putting people who were a full time working 24 year old adult with a university/college degree when 9/11 happened in the same box as someone who was a teenage 17 year old child in high school when it happened. And don’t start with that “Star Wars Generation” shit, a movie trilogy doesn’t determine what group a birth year goes into.;The reality is we’re all making this stuff up. Might as well be astrology;I have level 2 autism and ADHD and this is one of my special interests;Yes;;hetero;Xennial;Generic;Neg;0;0;meta_identity;;1;0;0;;1;1;Epistemic;0;;Trait;0;Oppose;0;0;0;0;1;0;;1;Generic;Neg;0;0;meta_identity;;0;0;1;Universal;0;1;Modal;1;emphatic;Trait;0;Annotated Selftext as Parent;
;GenXTalk;1n7r68d;ncbpq0r;So....rock wars...;"Whenever I talk to older GenX guys about our childhoods, ""rock wars"" always come up as just regular conversation. Like it was just a baseline normal thing for us to do when we were kids.

We also had bottle rocket wars, snowball fights, snowball-with-rocks-in-them fights, and once ""one of us"" put a piece of glass in a snowball.

Anyway when I mention it to later gens they look at me like I'm crazy and start making references to Lord of the Flies.

How much can you relate to this?

GenX ladies, is there an analog to this? An activity you did when you were, say, under 11, that later generations would consider crazy?

EDIT: Shocked and awed at how many ladies got their rocks off as well. Good for you.";I have a graphite stain in my stomach from a very freshly sharpened Ticonderoga #2 that got me when I bumped into a movable coat closet. My dad insisted on digging into my side with a sterilized needle for 30 minutes, convinced there was pencil “lead” in my body. Dickhead.;LOL, I Have a (roughly) 50 year old graphite stain in my right pinkie that I'm sure will still be there when they put me in the ground.;No;Off-topic;;;;;;;;;;;;;;;;;;;;;;;;;;;;;;;;;;;;;;;;;;;;;;;
;Xennials;1ojfbuu;nm2kg35;Tell me you're a Xennial without telling me you're a Xennial...;"I used to record music from my parents' records onto cassette tapes so I could listen to them on my Walkman. 
";“Say from Charms”;Super deep voice tho.;No;Off-topic;;;;;;;;;;;;;;;;;;;;;;;;;;;;;;;;;;;;;;;;;;;;;;;
;Xennials;1ojfbuu;nm2lbq2;Tell me you're a Xennial without telling me you're a Xennial...;"I used to record music from my parents' records onto cassette tapes so I could listen to them on my Walkman. 
";I used to have a talkboy, and my wife had a talkgirl;Did y'all know each other back then??;no;Off-topic;;;;;;;;;;;;;;;;;;;;;;;;;;;;;;;;;;;;;;;;;;;;;;;
;Xennials;1ojfbuu;nm2lbq2;Tell me you're a Xennial without telling me you're a Xennial...;"I used to record music from my parents' records onto cassette tapes so I could listen to them on my Walkman. 
";I used to have a talkboy, and my wife had a talkgirl;Did y'all know each other back then??;no;Off-topic;;;;;;;;;;;;;;;;;;;;;;;;;;;;;;;;;;;;;;;;;;;;;;;
;Xennials;1oi5pjz;nlt29jh;There’s such a discourse about perimenopause now;"…when I feel like nobody ever talked about it before a couple years ago. I guess some of it is confirmation bias on my part from all of the Xennial women content creators on my social media algorithm who discuss it regularly (most famously JustBeingMelani and the “We Do Not Care Club”). Menopause was always talked about, of course, but I had no idea that the years leading up to it were also supposed to be full of bad symptoms. At 43, I have yet to experience any symptoms myself, but they’ll surely be coming soon; I’ll just keep lifting heavy at the gym and hoping for the best 🤷🏻‍♀️";Menopause was never spoken about in my memory. East TX, 80s/90s upbringing. I'm glad that right now we can talk about changes to our bodies and hormones! However, it does feel like every time I turn around someone is trying to sell me something related to perimenopause.;"It was referenced as “the change” in my part of the Midwest but mostly not talked about.  I remember asking my mom one time what “the change” was and she said “the change of life” and that was it. 

My own mom was borderline Disney villain for about a decade during peri and menopause.  No one talked about any women’s  stuff in a nice or informational way back then, and no one helped them.";No;Off-topic;;;;;;;;;;;;;;;;;;;;;;;;;;;;;;;;;;;;;;;;;;;;;;;
;Xennials;1oi5pjz;nlt58pr;There’s such a discourse about perimenopause now;"…when I feel like nobody ever talked about it before a couple years ago. I guess some of it is confirmation bias on my part from all of the Xennial women content creators on my social media algorithm who discuss it regularly (most famously JustBeingMelani and the “We Do Not Care Club”). Menopause was always talked about, of course, but I had no idea that the years leading up to it were also supposed to be full of bad symptoms. At 43, I have yet to experience any symptoms myself, but they’ll surely be coming soon; I’ll just keep lifting heavy at the gym and hoping for the best 🤷🏻‍♀️";"I think it has had a negative impact on me and almost robbed me of my youthful 40’s. 
I have a whole decade to be young. I dont Need to be sold a ten year story about how “you can’t loose weight, your face is puffy, you can’t improve your health etc “ all bc of peri menopause….UNLESS….you buy some
More shit! Weight loss medications, pills, supplements, creams, treatments, monthly services! 
See? We’re helping you in your poor, unfixable and fully broken “perimenopause state.”

Bullshit. 

Don’t let that narrative in. It will take your power and convince you you’re old before you are. It’s exclusively to make you even more of a consumer.";I mean, a lot of these influencers are trying to sell you something, and if you're not experiencing these symptoms, then yeah, their products aren't for you and you shouldn't bother listening to them. However, if you are experiencing severe symptoms, especially things that are more than cosmetic, some of this information can be a literal lifesaver, even if it does come with an ad. ;No;Off-topic;;;;;;;;;;;;;;;;;;;;;;;;;;;;;;;;;;;;;;;;;;;;;;;
;GenXTalk;1m6pa47;n4m19gm;Gen X ladies: how's your perimenopause or menopause experience going?;Just a check-in here. How's the rage, the moods, the bleeding, the sex drive, all the things?;Are you in peri, though??? I am 56 and still in peri. Over ten years of this bullshit. Awful.;"maybe? hopefully?

My daughters are like ""mom, really, another 35+ years of this?!""";No;Off-topic;;;;;;;;;;;;;;;;;;;;;;;;;;;;;;;;;;;;;;;;;;;;;;;
;Xennials;1ojgwcd;nm340ay;Any other southerners remember this series from grade school?;"Xennial from Texas. I feel like alot of modern conservative ideals and quotes can point to this book series. The most memorable and infuriating (to me) being “it’s better to ask forgiveness than permission”

Did anyone else’s school system try to indoctrinate you with tales of this mutt?";"I believe this was serialized in our local newspaper. It was this or something very similar. 

Matthew McConaughey did a podcast audiobook read of it a few years ago: [https://www.hankthecowdog.com/blog/a-hank-the-cowdog-podcast-starring-matthew-mcconaughey](https://www.hankthecowdog.com/blog/a-hank-the-cowdog-podcast-starring-matthew-mcconaughey)";Oh wow I’m about to go down a rabbit hole with this epic mashup;no;Off-topic;;;;;;;;;;;;;;;;;;;;;;;;;;;;;;;;;;;;;;;;;;;;;;;
;GenXTalk;1m6pa47;n4lm7w9;Gen X ladies: how's your perimenopause or menopause experience going?;Just a check-in here. How's the rage, the moods, the bleeding, the sex drive, all the things?;I'm all over the place. I struggle to focus or concentrate for long periods of time (pun intended!) Oh, yah, I got diagnosed with ADHD last year at the ripe ol'age of 48-49. My anxiety is through the roof, with a good dose of apathy. And  I'm really fucking tired/exhausted to boot.  \*sigh\* Thanks for letting me vent.;I was diagnosed with ADHD at 49 as well and the “what ifs” and mid-life crisis have improved. A topical HRT has helped tremendously with anxiety and rage, and while it isn’t perfect I feel more like myself. The effects of the vaginal estrogen has changed sex to the point of feeling like me again, too.;No;Off-topic;;;;;;;;;;;;;;;;;;;;;;;;;;;;;;;;;;;;;;;;;;;;;;;
;GenXTalk;1m6pa47;n4lkgty;Gen X ladies: how's your perimenopause or menopause experience going?;Just a check-in here. How's the rage, the moods, the bleeding, the sex drive, all the things?;I'm 19 months post-menopause. Peri was hell -- no sleep, heat sensitivities, weight gain, anxiety, low-sex drive, etc. I ended up with endometrial hyperplasia from my hormone imbalance that caused some issues. I had to completely change up my diet and up my activity levels. Thankfully, the last 6 months have been much better. I can sleep now! Other things are falling into place. I'm hrt-free but if things take a turn I will go that route in a  heartbeat.;So glad you are doing better! I'm on HRT but it's no magic bullet. Like you, peri is hell fo rme, been doing it over a decade.;No;Off-topic;;;;;;;;;;;;;;;;;;;;;;;;;;;;;;;;;;;;;;;;;;;;;;;
;GenXTalk;1na2dib;ncqv7tt;Activism in the late 90s;"It seemed like anti-globalization protests were gaining momentum: WTO in Seattle in 1999 was a big wake up call. Then 9/11 completely shifted things, and the brief Occupy movement didnt gain much traction in the long term.

I'm rather disappointed with the complacency of my peers in the physical world. So many have embraced sedentary comfort.

At least the Zapatistas are still showing us how it's done.";"Occupy didn't happen until 2011, when Gen X were no longer ""the youth."" But, yes, WTO was a big deal at the time.";I used occupy as an example of how that kind of activism isn't effective anymore.;No;Off-topic;;;;;;;;;;;;;;;;;;;;;;;;;;;;;;;;;;;;;;;;;;;;;;;
;Younger_GenX;1978h34;ki5ah3i;Welcome to r/Younger_GenX!;"This is a subreddit dedicated to the younger side of Gen X. Going by Pew's range, if we divide Gen X in half, the older side of Gen X would be 1965-1972 & the younger side would be 1973-1980. So the birth years on this sub will be including people born from 1973-1980.

This sub is for people who are on the younger side of Gen X who feel like there are certain things that they can't relate to with the older side of Gen X, but also have their own nostalgia & relatable things that the older side of Gen X usually can't relate to. If you're on the younger side of Gen X & feel this way, then this is the sub for you! Hope you enjoy your stay. :)";Thanks for the invite;You're welcome!;No;Off-topic;;;;;;;;;;;;;;;;;;;;;;;;;;;;;;;;;;;;;;;;;;;;;;;
;DeathByMillennial;1fi2xhc;lnedad2;Millennials depriving their parents of the joy of grandkids;;Should have thought of that before you nuked the economy, fuckers.;Boomers, setting up future generations for success? Balderdash!;Yes;;Hetero;Boomer;Generic;neg;0;0;work_economy;0;0;0;0;;0;0;;0;;Event;1;Support;0;0;0;0;0;0;;1;generic;neg;0;0;work_economy;;1;0;0;;1;0;;0;;Event;0;;
;Millennials;1ojiajv;nm38jpy;No wonder why millennials despise the 2000s pop culture era so much!;;growing up in the 90s and 2000s was crazy bc that's when mass media basically became pornographic.  and I was a child...;it was pretty bad in the 80s too.  go watch an 80s movie and see how many sex jokes there are.   Ghostbusters, police academy... revenge of the nerds is famous for an actual rape being played off as cool.   porky's and sex comedies were mainstream;Yes;;Auto;Millennial;Generic;Neg;0;0;tech_media;;0;0;0;;0;1;Other;0;;Event;0;Oppose;0;1;0;0;0;0;;1;Generic;neg;0;0;tech_media;;0;0;1;Existential;0;0;;1;emphatic;Trait;0;;
;Older_Millennials;1n8gy8s;ncf7fkp;Maybe;;Oh my gooosh, millennials need to stop going on about how well we are all supposedly aging. It’s too Kardashian Core.;Seriously this drives me nuts now. WTF are people on about. We look our age. Any marginal improvements in our aging is due to sunscreen use, but we are definitely aging and look our age. It makes me cringe every time I read this nonsense.;Yes;;Auto;Millennial;generic;neg;0;0;health;;1;0;1;Universal;0;1;Epistemic;1;Emphatic;Trait;0;Support;0;0;0;1;0;0;;1;Generic;Neg;0;1;Health;;0;0;0;;0;0;;1;emphatic;trait;0;;
;Older_Millennials;1msfylx;n94b59s;Iliza Shlesinger being her Elder Millennial self;;Damn, she threw it all the way back to MySpace.;"I got asked if MySpace was still around and what was it like today. By two 20 year olds at work. Wasn't even mean. Just curious.

""We ranked top 8 friends""  
""Like with points?""  
""Your made up Hogwarts points yeah""";No;Off-topic;;;;;;;;;;;;;;;;;;;;;;;;;;;;;;;;;;;;;;;;;;;;;;;
;Millennials;1oipv0g;nlxeff7;Correcting your spelling in a follow up text with an asterisk;"This has got to be one of the most uniquely millennial or even sub generation texting habits. Do yall still do this? Do you notice it in others? 

edit: til editing texts is a feature? thats like telling me football is on tv but its not on a channel. what? if i cant type numbers into my remote to watch it then its not ""on tv""";"The real debate:


*word


or


Word*";Always did it with the asterisk at the end.;No;Off-topic;;;;;;;;;;;;;;;;;;;;;;;;;;;;;;;;;;;;;;;;;;;;;;;
;millenials;1og3vqr;nleb8wh;Hey millennials remember Obama? This is him now.;;The real issue is that the right lost its ability to critically think about the differences between unfavorable actions (think that my not benefit you directly, or go against your personal morals) and things that go against everyone's morals (well those with them), verifyable facts, and the law of the land. They equate a Dem j-walking is equal to a Pedo president talking about dating his own daughter and spying on underage girls changing. You know... same same...right?;The only concession I’ll hear from them is, “he’s not perfect” 😂 like, you guys really need to take a hard look in the mirror if you can’t come up with a single specific criticism;No;Off-topic;;;;;;;;;;;;;;;;;;;;;;;;;;;;;;;;;;;;;;;;;;;;;;;
;DeathByMillennial;1fi2xhc;lneeelk;Millennials depriving their parents of the joy of grandkids;;"Many people don't want to be grandparents so they can actually interact and nurture the children. They want them because it is societal expectation that they have grandkids. They want to flaunt their grandkids. 

Those people don't deserve to be grandparents anyway";"I saw someone on reddit call boomers the Assembly Line Generation. As in they just did what was expected & never bothered to question if it was what they wanted. 

They just went through life, completing the list so they can move on to the next task. Graduate high school and/or college, check. Get married, check. Buy a house, check. Have kids, check. Retire, check. Now it's have grandkids but millennials aren't playing this game.";Yes;;Hetero;"boomer; millennial";Generic;Neg;0;0;family_values;;0;0;1;Existential;1;0;;1;Emphatic;Trait;0;Support;0;0;0;0;1;0;;1;Generic;Neg;0;0;family_values;;1;1;1;Universal;1;0;;1;Other;trait;0;;
;millenials;1og3rlo;nldzzrp;Mid-life Crisis?;I need a new car. What are we buying for budget midlife crisis cars as millennials? The tried and true Miata? ;NA Miata with a fancy new paint job and upgrade to the 1.8 was what I went with.;A simple convertible that I can work on myself is very appealing! I’m leaning that direction;No;Off-topic;;;;;;;;;;;;;;;;;;;;;;;;;;;;;;;;;;;;;;;;;;;;;;;
;Older_Millennials;1mordgq;n8ec8cj;How is everyone doing?;Just wanted to check in with my fellow older millennials.;"Turning 40 this month. Fighting the good fight but can't say i'm too thrilled with how things are turning out in this country. Many of the rich have run rampant, some of the poor are just as bad. Everyone that tries to do the ""right"" thing in the middle get screwed by both sides.";I just turned 40 three weeks ago. I'm currently getting a master's in international relations. And dealing with my own existential crisies... Ask me how I'm doing,? I don't look 40. I don't feel 40 where did this number come from?;No;Off-topic;;;;;;;;;;;;;;;;;;;;;;;;;;;;;;;;;;;;;;;;;;;;;;;
;Millennials;1oj9g93;nm1crj8;Death of Parents;"My husband’s father is currently dying. His prognosis is less than 6 months. We’re older millennials, so our parents aren’t young, but no amount of logical predictive thinking can really prepare you for how it feels. 

I’d appreciate any insight and advice you can offer on how to help us navigate the next several months. Especially if you’ve been through this process yourself. What can I do, as a spouse, to help ease his pain? Any special moments or memories stand out? I don’t want this time to pass by and have him experience any regret as to how it was spent.";"My dad just passed earlier this month at the age of 64 from a very short battle with small cell lung cancer.

I came home to care for him and it was the greatest privilege and honor to be there for him.  I would give anything to have him back, but I’m so grateful I had time to tell him everything I needed to. 

This would be my advice for your husband: Be there and tell your dad how much he means to you, how proud you are of him and how proud you are to have him as a father.  Tell him you are there and you aren’t going anywhere.  Tell him you will be okay.  Tell him anything and everything you wish to say.

Getting a cancer diagnosis was devastating but, in a way, it was a huge gift because we knew what was coming and could make the best of that time.

Hospice is also a huge blessing.  My dad was able to pass peacefully in his home, surrounded by family because of hospice.  I think he could let go because the sights, sound and smells were of home.  He knew he was loved, that he did an amazing job as a father, and that we would all be okay.

As for how you can be there for your husband, just let him know you are there for whatever he needs.  We each grieve in our own way and he may need space, a listening ear, to vent.  There isn’t a right or a wrong way to grieve.";I'm going through this now. I'm so sorry for your loss. I got laid off this summer and I've put off looking for a job to help mine out too. In some ways I'm grateful I got the time. Whatever he and my mom need, I am there for them.;No;Off-topic;;;;;;;;;;;;;;;;;;;;;;;;;;;;;;;;;;;;;;;;;;;;;;;
;Older_Millennials;1mordgq;n8e9ua2;How is everyone doing?;Just wanted to check in with my fellow older millennials.;"It is currently 99 degrees outside and our friend has been couch-surfing here with her 75lb dog for *days* while her property management does nothing to restore power to her apartment. I feel pretty cramped in my space, but I'd rather they be here than trying to deal with the heat, I just finished work for the day; I'm gonna work on a story to zone out. I miss my cat (he is under the bed).";You’re a good friend ;No;Off-topic;;;;;;;;;;;;;;;;;;;;;;;;;;;;;;;;;;;;;;;;;;;;;;;
;Millennials;1ok22cz;nm7d1uc;Another millennial food chain feeling the pain. Chipotle Stock Tumbles as 25-35 year olds struggle with finances and affording their food.;"What's happening to the world? 15 years ago I used to love this place. I don't know what happened. Maybe prices. Maybe the fact it's too much food. I really would like a burrito half the size for half the price. At one point I went and they told me it would be a 40 minute wait to get a burrito because they had too many on line orders and I thought...okay I'll go back in like six months when their labor issues are solved and I never went back. 

Casual family sit down places have been struggling for a while. Sad to see it spread to the fast food places. Starbucks is closing many locations as well.  

[https://finance.yahoo.com/news/chipotle-stock-craters-as-company-says-young-people-without-jobs-cant-afford-their-food-anymore-155415667.html](https://finance.yahoo.com/news/chipotle-stock-craters-as-company-says-young-people-without-jobs-cant-afford-their-food-anymore-155415667.html)";The moment I asked for double the meat and they actually gave me maybe like 25% more was when I was done with them. I still remember when one of my best friends introduced me to Chipotle the first time, it used to be soo good and they gave you a lot of food for the price.;I used to be Chipotle’s biggest Stan, I rode for them through it all. They were such a comfort food for me, I could always count on them for some familiar and delicious. But the last few times I went, they were literally out of everything. No rice, no beans, no veggies like why are you guys even open wtf? And I hear this is happening all over the place, not just my local place. Last time there were only like three people working and the line was out the door, they looked like they were ready to walk out omg I just felt horrible all around and I don’t think I’ll be going back to chipotle any time soon.;No;Off-topic;;;;;;;;;;;;;;;;;;;;;;;;;;;;;;;;;;;;;;;;;;;;;;;
;Older_Millennials;1obsnnh;nkmn5gj;What's your favorite movie to watch on Halloween?;;"![gif](giphy|FJh8oUprQx8w8)

It’s actually Halloween, but this is my favorite millennial one that fits the sub!";I can't believe trick r treat is approaching 20 yrs old. I remember when it came out, I bought the Blu-ray and showed it at a Halloween party. Been my favorite Halloween movie since;No;Off-topic;;;;;;;;;;;;;;;;;;;;;;;;;;;;;;;;;;;;;;;;;;;;;;;
;Millennials;1oj8mt5;nm2pi6m;Is it just me, or can my fellow Millennials relate?;I'm in my mid-30s, and I’m already feeling a bit of a generation gap with people in their early 30s and late 20s, lol;"Fellow therapy goer here, since I was 19 (almost 33 now). It never seems to get easier, but we at least get to learn some reasons for why we are all fucked up eh? Yea that is no consolation prize I know...I am younger then you by a decade but I hope you stick with it friend.

Much love";The last 10+ years have seen me fired from 5 jobs, let go from volunteer positions, and rejected by multiple social circles.  Everything I do ends poorly, and I’ve spent all that time trying to figure out why.  I know it is an issue with me and not the world, but despite my best efforts, there is something really wrong with me, and I’m running out of energy and Will to address it.;No;Off-topic;;;;;;;;;;;;;;;;;;;;;;;;;;;;;;;;;;;;;;;;;;;;;;;
;Older_Millennials;1msfylx;n9690uc;Iliza Shlesinger being her Elder Millennial self;;Gotta stretch my friend, a foam roller changed my life!;Care to drop your foam roller routine? Asking for my thoracic and lumbar region… 😅;;;;;;;;;;;;;;;;;;;;;;;;;;;;;;;;;;;;;;;;;;;;;;;;;
;Millennials;1ojiajv;nm3buko;No wonder why millennials despise the 2000s pop culture era so much!;;Now imagine watching the Ms Butterface competition on E! with every commercial break being Girls Gone Wild videos;The main feeling I get from this Era is just an extreme distaste for women and complete disregard for their rights. Anyone remember the man show. It's fuckin wild how Kimmel is a woke icon now? I guess?;yes;;hetero;Millennial;Generic;neg;0;0;tech_media;;1;0;0;;0;0;;1;Emphatic;Trait;0;Neutral;0;0;0;0;0;0;;0;;;;;;;;;;;;;;;;;;Annotated title as parent;
;Millennials;1o2n930;nj68itk;Monthly Rant/Politics Thread: Do not post political threads outside of this Mega thread;"Outside of these mega-threads, we generally do not allow political posts on the main subreddit because they have often declined into unhinged discussions and mud slinging. We do allow general discussions of politics in this thread so long as you remain civil and don't attack someone just for having a different opinion. The moment we see things start to derail, we will step in.

Got something upsetting or overwhelming that you just need to shout out to the world? Want to have a political debate over current events? You can post those thoughts here. There are many real problems that plague the Millennial generation and we want to allow a space for it here while still keeping the angry and divisive posts quarantined to a more concentrated thread rather than taking up the entire front page.";"What kind of idiot of a mayor when faced with daily violent protests and threats outside a government building or agency does anything, anything at all, but put that place on lockdown with a heavy police presence? That's how we did in NYC, and after a few arrests the professional thugs moved on to softer targets. The protests still flare up, but they don't make the news anymore.

Unfortunately three years is not enough time to solve the rot of the problem, where there is a almost deliberately benign neglect of politicized violence on the left, so long as it serves to discourage policies favored by the right. But the Trump administration has shown that it is wise to the problem and begun to do something about it.

A few basic principles need to be emphasized. Property damage is a crime and must be punished. Threatening to kill a member of law enforcement, local or federal, is an act of terrorism and it is not enough to simply punish the offender, the culture or organization that gives rise to it must be uprooted. Violence in pursuit of political ends is always wrong. The people who are showing up to these events and rallies wearing masks are fundamentally not good people; mask bans with a carveout for law enforcement will improve the situation. The state must have a monopoly on the use of force. When a state government is unable or unwilling to maintain order, and that impacts the safety of federal law enforcement, the general public, or both, the federal government has not only a right but an obligation to act, even against the consent of state government.

These are not controversial positions. If cities and activists would adhere to them, we would have a political conflict rather than a mixed conflict between anarchy and law and left and right.";The state not using their monopoly on force responsibly is why we have people lashing out against it. Peaceful protests get cracked down on just as hard as the violent ones.;no;Off-topic;;;;;;;;;;;;;;;;;;;;;;;;;;;;;;;;;;;;;;;;;;;;;;;
;Millennials;1ok22cz;nm7dh8b;Another millennial food chain feeling the pain. Chipotle Stock Tumbles as 25-35 year olds struggle with finances and affording their food.;"What's happening to the world? 15 years ago I used to love this place. I don't know what happened. Maybe prices. Maybe the fact it's too much food. I really would like a burrito half the size for half the price. At one point I went and they told me it would be a 40 minute wait to get a burrito because they had too many on line orders and I thought...okay I'll go back in like six months when their labor issues are solved and I never went back. 

Casual family sit down places have been struggling for a while. Sad to see it spread to the fast food places. Starbucks is closing many locations as well.  

[https://finance.yahoo.com/news/chipotle-stock-craters-as-company-says-young-people-without-jobs-cant-afford-their-food-anymore-155415667.html](https://finance.yahoo.com/news/chipotle-stock-craters-as-company-says-young-people-without-jobs-cant-afford-their-food-anymore-155415667.html)";What?! Jacking up prices and decreasing quantity and quality drives people away from your product? I'm shocked! Shocked, I tell you!;Don't forget their veggies being tainted by e.coli every 2 years.  Now pay $3 extra for poopy cilantro, peasant!;Yes;;hetero;Millennial;Generic;Neg;0;0;work_economy;;1;1;0;;0;0;;0;;Trait;0;Neutral;0;0;0;0;0;0;;0;;;;;;;;;;;;;;;;;;Annotated title as parent;
;Older_Millennials;1msfylx;n94hv1d;Iliza Shlesinger being her Elder Millennial self;;I hate them, but I can’t stop looking away;I think that’s the point. Outlandish stand up comedian outfits have been a time honored tradition. See Eddie Murphy.;No;Off-topic;;;;;;;;;;;;;;;;;;;;;;;;;;;;;;;;;;;;;;;;;;;;;;;
;Millennials;1oj8mt5;nm148d0;Is it just me, or can my fellow Millennials relate?;I'm in my mid-30s, and I’m already feeling a bit of a generation gap with people in their early 30s and late 20s, lol;"It happens at different points for everyone, but yeah 30s are really when people solidify their different life paths and we’re entering peak adulthood. 

Idk though… I have similar aged friends that are in very diff places- a couple with 2-3 kids and homeowners and other friends that are single bartenders doing lots of drugs lol";My big takeaway as I near the end of my thirties is that your thirties are the decade all the choices and habits from your late teens and twenties begin to really present their effects.;yes;;Auto;Millennial;Generic;Neutral;0;0;Health;;1;0;0;;0;1;Other;0;;Trait;0;Support;0;0;0;1;0;0;;1;Generic;Neutral;0;0;Health;;0;0;1;Universal;0;0;0;1;emphatic;trait;0;Annotated Selftext as Parent;
;millenials;1od5x0l;nkso0od;And you want to know why Millennials never voted republican in their lives!;;Ruined by republicans and establishment dems***;Rachet Effect in full effect.;yes;;hetero;Millennial;Generic;Neutral;0;0;politics_civics;;1;0;1;Universal;1;0;;1;Emphatic;Event;0;Support;0;0;0;1;0;0;;0;;;;;;;;;;;;;;;;;;Annotated title as parent;
;millenials;1oeuxta;nl4m3i7;Do  Millennials want a king?;;Someone needs to lay a knee on the back of Steve Bannon's neck for about 8 minutes;He's the one person I hate more than Trump. Because of Steve Bannon, Trump was elected his first term. He was the mastermind behind it all;No;Off-topic;;;;;;;;;;;;;;;;;;;;;;;;;;;;;;;;;;;;;;;;;;;;;;;
;Millennials;1ok22cz;nm7dbxi;Another millennial food chain feeling the pain. Chipotle Stock Tumbles as 25-35 year olds struggle with finances and affording their food.;"What's happening to the world? 15 years ago I used to love this place. I don't know what happened. Maybe prices. Maybe the fact it's too much food. I really would like a burrito half the size for half the price. At one point I went and they told me it would be a 40 minute wait to get a burrito because they had too many on line orders and I thought...okay I'll go back in like six months when their labor issues are solved and I never went back. 

Casual family sit down places have been struggling for a while. Sad to see it spread to the fast food places. Starbucks is closing many locations as well.  

[https://finance.yahoo.com/news/chipotle-stock-craters-as-company-says-young-people-without-jobs-cant-afford-their-food-anymore-155415667.html](https://finance.yahoo.com/news/chipotle-stock-craters-as-company-says-young-people-without-jobs-cant-afford-their-food-anymore-155415667.html)";"Making me wait while I'm there *in person* while you do online orders is an excellent way to piss me off and make sure I'll never eat there again. Just absolutely not.


That is so ass backwards, you take care of the customers *that are physically in front you* before you do online orders.";I walked into a chipotle in a hurry (expecting to get it right away like usual). No line, but They told me they were only taking ONLINE orders until further notice. I’m like, “I’m right here and you’re standing right over the food and you can’t sell it to me?” I was so annoyed. So I sat down at a table, downloaded the app and ordered food while I watched more customers walk in and hear the baffling news from the employee. Truly the stupidest thing I’ve ever seen.;Yes;;hetero;Millennial;Generic;Neg;0;0;work_economy;;1;1;0;;0;0;;0;;Trait;0;Neutral;0;0;0;0;0;0;;0;;;;;;;;;;;;;;;;;;Annotated title as parent;
;Millennials;1ojm090;nm427qw;Why are so many millennials getting divorced quickly?;"I am an elder millennial, and every week, I hear about one of my peers getting divorced. When I was growing up, it seemed like couples tried to stick it out for as long as they could before giving up on the marriage. Now it looks like, after a few years, couples are calling it quits. My friends say it is because there is no stigma with divorce like when we were younger.

I'm not married and see little value in it, if we are going to quit after a few years.  ";It’s probably because so many of us grew up in households where the couple was white knuckling staying together. So millennials are trying a new approach more than likely in an effort to do better. This coupled with the fact that divorce is far less stigmatized now could lend to more divorces.;Except all stats say that Millennials are getting divorced at lowers rates than Boomers and Gen X at the same age. In 1990 the divorce rate for people between 25 to 45 was 28.1, in 2021 it’s dropped to 19.3. The OP taking what is happening around them and applying it generally to all millennials when the reality is the exact opposite.;Yes;;Auto;Millennial;Generic;Pos;0;1;family_values;;1;0;1;Existential;0;1;Modal;0;;Trait;0;Oppose;1;0;1;0;0;0;;1;Generic;pos;0;1;family_values;;1;0;1;Universal;0;0;;0;;Event;0;;
;Millennials;1ok22cz;nm7i5fq;Another millennial food chain feeling the pain. Chipotle Stock Tumbles as 25-35 year olds struggle with finances and affording their food.;"What's happening to the world? 15 years ago I used to love this place. I don't know what happened. Maybe prices. Maybe the fact it's too much food. I really would like a burrito half the size for half the price. At one point I went and they told me it would be a 40 minute wait to get a burrito because they had too many on line orders and I thought...okay I'll go back in like six months when their labor issues are solved and I never went back. 

Casual family sit down places have been struggling for a while. Sad to see it spread to the fast food places. Starbucks is closing many locations as well.  

[https://finance.yahoo.com/news/chipotle-stock-craters-as-company-says-young-people-without-jobs-cant-afford-their-food-anymore-155415667.html](https://finance.yahoo.com/news/chipotle-stock-craters-as-company-says-young-people-without-jobs-cant-afford-their-food-anymore-155415667.html)";I walked into a chipotle in a hurry (expecting to get it right away like usual). No line, but They told me they were only taking ONLINE orders until further notice. I’m like, “I’m right here and you’re standing right over the food and you can’t sell it to me?” I was so annoyed. So I sat down at a table, downloaded the app and ordered food while I watched more customers walk in and hear the baffling news from the employee. Truly the stupidest thing I’ve ever seen.;Why the heck wouldn't they just lock the doors at that point? I swear companies have the stupidest policies.;No;Off-topic;;;;;;;;;;;;;;;;;;;;;;;;;;;;;;;;;;;;;;;;;;;;;;;
;millenials;1oeuxta;nl4912r;Do  Millennials want a king?;;Yep, except if you’re black. Since the advice is to “vote” which the state is keeping you from doing just that even when you show up. You know, like in 2024 when they CLOSED polling places in black neighborhoods.;They'll just light fire to your boxes or call bomb threats against you if you're white like in 2024;Yes;;hetero;Millennial;Generic;Neg;0;0;politics_civics;0;0;0;0;;1;0;;0;;Trait;0;Neutral;0;0;0;0;0;0;;0;;;;;;;;;;;;;;;;;;;
;Millennials;1o2n930;nipjnda;Monthly Rant/Politics Thread: Do not post political threads outside of this Mega thread;"Outside of these mega-threads, we generally do not allow political posts on the main subreddit because they have often declined into unhinged discussions and mud slinging. We do allow general discussions of politics in this thread so long as you remain civil and don't attack someone just for having a different opinion. The moment we see things start to derail, we will step in.

Got something upsetting or overwhelming that you just need to shout out to the world? Want to have a political debate over current events? You can post those thoughts here. There are many real problems that plague the Millennial generation and we want to allow a space for it here while still keeping the angry and divisive posts quarantined to a more concentrated thread rather than taking up the entire front page.";"I truly don't see how this can end well, or at all any time soon. Between forcing states to redistrict and attacking voting in anyway that doesn't benefit them, the GOP is likely to pickup 8-12 more seats. 

There's no chance of the Dems retaking the senate in 2026, so we'd again have a spineless Republican majority in congress that bends over when the president impounds funds, guts agencies and so on, I don't know how we come back from this.

This is not Trump 1.0, I hope more people realize this is an unhinged toddler surrounded by sycophants who have game planned this all out since 2021.";His death will cause everything to spiral because there’s no one to replace him. They’ve been working hard at building up the power structure behind him but it won’t be enough once his cult of personality is no longer functional. I’m not suggesting that someone kill him but he’s an old man and death comes for us all.;No;Off-topic;;;;;;;;;;;;;;;;;;;;;;;;;;;;;;;;;;;;;;;;;;;;;;;
;millenials;1oei4qo;nl2ax9p;Millennial Parent, do you ever jam out in your car with your kiddos.;My daughter was finishing her 4th grade basketball practice. I was waiting for her in my car. I was listening to my Spotify playlist on the radio. My daughter came out with her friends. This week I'm doing carpooling for her practices. The Spice Girls made me do it.;Nirvana! My kid says hey mom play that one song and I know it's come as you are.;My daughter loves Nirvana. My husband listens to them. He was sad when Kurt died back in 1994.;No;Off-topic;;;;;;;;;;;;;;;;;;;;;;;;;;;;;;;;;;;;;;;;;;;;;;;
;millenials;1oeuxta;nl4m570;Do  Millennials want a king?;;Fucking religious cunts. They need to get the fuck out of our governments and go back to their god damned churches.;He’s “not churchy, not particularly religious” yet he established a White House Faith Office led by a Christian nationalist who was speaking tongues on the south lawn;No;Off-topic;;;;;;;;;;;;;;;;;;;;;;;;;;;;;;;;;;;;;;;;;;;;;;;
;Millennials;1o2n930;nl4ymqt;Monthly Rant/Politics Thread: Do not post political threads outside of this Mega thread;"Outside of these mega-threads, we generally do not allow political posts on the main subreddit because they have often declined into unhinged discussions and mud slinging. We do allow general discussions of politics in this thread so long as you remain civil and don't attack someone just for having a different opinion. The moment we see things start to derail, we will step in.

Got something upsetting or overwhelming that you just need to shout out to the world? Want to have a political debate over current events? You can post those thoughts here. There are many real problems that plague the Millennial generation and we want to allow a space for it here while still keeping the angry and divisive posts quarantined to a more concentrated thread rather than taking up the entire front page.";lol that the Senate Democratic primary in Maine is down to some guy who had a Nazi tattoo for nearly 20 years and claims to just now have learned about it (which should still be disqualifying for being dumb as fuck) and a 79 year old lady. Perfectly competent and healthy party.;Who would want to mess with Susan Collins? It's fools gold.;No;Off-topic;;;;;;;;;;;;;;;;;;;;;;;;;;;;;;;;;;;;;;;;;;;;;;;
;Millennials;1ojiajv;nm3bsl4;No wonder why millennials despise the 2000s pop culture era so much!;;Stern is a shock jock. This doesn’t age well, but it was incredibly offensive back then too (which was the point).;"His transformation from ""guy who uses recordings of a woman deep throating on his soundboard"" (yes, really) to a kind of milder-mannered radio elder statesman who specializes in prestige interviews is an almost jarring shift in hindsight.";Yes;;hetero;Millennial;Generic;neg;0;0;tech_media;;1;0;0;;0;0;;1;Emphatic;Trait;0;Neutral;0;0;0;0;0;0;;0;;;;;;;;;;;;;;;;;;Annotated title as parent;
;Millennials;1oj9g93;nm1crj8;Death of Parents;"My husband’s father is currently dying. His prognosis is less than 6 months. We’re older millennials, so our parents aren’t young, but no amount of logical predictive thinking can really prepare you for how it feels. 

I’d appreciate any insight and advice you can offer on how to help us navigate the next several months. Especially if you’ve been through this process yourself. What can I do, as a spouse, to help ease his pain? Any special moments or memories stand out? I don’t want this time to pass by and have him experience any regret as to how it was spent.";"My dad just passed earlier this month at the age of 64 from a very short battle with small cell lung cancer.

I came home to care for him and it was the greatest privilege and honor to be there for him.  I would give anything to have him back, but I’m so grateful I had time to tell him everything I needed to. 

This would be my advice for your husband: Be there and tell your dad how much he means to you, how proud you are of him and how proud you are to have him as a father.  Tell him you are there and you aren’t going anywhere.  Tell him you will be okay.  Tell him anything and everything you wish to say.

Getting a cancer diagnosis was devastating but, in a way, it was a huge gift because we knew what was coming and could make the best of that time.

Hospice is also a huge blessing.  My dad was able to pass peacefully in his home, surrounded by family because of hospice.  I think he could let go because the sights, sound and smells were of home.  He knew he was loved, that he did an amazing job as a father, and that we would all be okay.

As for how you can be there for your husband, just let him know you are there for whatever he needs.  We each grieve in our own way and he may need space, a listening ear, to vent.  There isn’t a right or a wrong way to grieve.";I'm so very sorry for the loss of your dad, I'm crying while reading this and wish I could give you a hug. I'm also very grateful you had the chance to spend that time with him. Time is a thief but also a gift.;No;Off-topic;;;;;;;;;;;;;;;;;;;;;;;;;;;;;;;;;;;;;;;;;;;;;;;
;millenials;1ojujnp;nm5ruts;Today’s hairstyles and makeup make millennials look better now than 20 years ago. Case in point: Brittany Snow at 18 and 39.;;Well the camera, makeup, lighting and plastic surgery help too;"*Well the camera,*

*Makeup, lighting and plastic*

*Surgery help too*

\- Beginning-Pen6864

---

^(I detect haikus. And sometimes, successfully.) ^[Learn&#32;more&#32;about&#32;me.](https://www.reddit.com/r/haikusbot/)

^(Opt out of replies: ""haikusbot opt out"" | Delete my comment: ""haikusbot delete"")";no;Off-topic;;;;;;;;;;;;;;;;;;;;;;;;;;;;;;;;;;;;;;;;;;;;;;;
;Older_Millennials;1msfylx;n98adz3;Iliza Shlesinger being her Elder Millennial self;;We gave them sexual Freedoms and they became socially awkward frumps.;I think that was COVID’s fault, but yeah it’s super weird they don’t like talk irl or party or have sex with each other. Y’all are allowed to be hoes, I promise!;yes;;Mixed;"Genz; millenial";Generic;neg;0;0;family_values;;0;0;0;;0;0;;0;;Trait;1;Mitigate;0;0;0;1;0;0;;1;Generic;Neg;0;0;family_values;;0;0;0;;1;1;Epistemic;1;emphatic;trait;0;;
;Older_Millennials;1mordgq;n8e828i;How is everyone doing?;Just wanted to check in with my fellow older millennials.;I'm coming to terms that my dad has terminal cancer and likely doesn't have a long time left on this planet.;This fucking sucks.  I went through it a few years ago and it still hurts.  He's been gone four years.  Sometimes it feels like four days, others it feels like he's been going forever.;no;Off-topic;;;;;;;;;;;;;;;;;;;;;;;;;;;;;;;;;;;;;;;;;;;;;;;
;millenials;1odu2id;nkwpf9p;Probably in the wrong place to ask, but if there are any republicans in here that also voted for Trump, are you still on his side?;If yes, why? If you’re not, what made you change your mind? Just curious and thought I’d start here with my generation first. I know Republican Millennials exist despite a lot of us being more on the Liberal side of things.;Two of my best friends are trump apologists, they still tout the “both sides are bad” but “trump is a good business man” two are chemical engineers, not dumb people, but they were definitely indoctrinated by their parents;I have a theory that Trump supporters are actually dumb. Like, they can be book smart, but catching on quickly, understanding wit, irony, etc. they do not.;yes;;hetero;Millennial;Specific;neg;0;1;politics_civics;;0;0;0;;1;0;;1;Emphatic;Trait;0;Oppose;0;0;0;0;1;0;;1;Generic;Neg;0;0;politics_civics;;1;0;0;;1;1;Epistemic;1;emphatic;trait;1;;
;millenials;1og3vqr;nlds6k9;Hey millennials remember Obama? This is him now.;;I wasn’t a huge fan of Obama…but daaamn if I don’t miss the hell out of him. Every POTUS does bad things of course, cuz the machine is gonna machine. Still, there’s something to be said about feeling like an adult is in charge who has the ability to think critically & can’t be taken advantage of by foreign powers via shallow compliments. Trump v. Obama 2028.;The real issue is that the right lost its ability to critically think about the differences between unfavorable actions (think that my not benefit you directly, or go against your personal morals) and things that go against everyone's morals (well those with them), verifyable facts, and the law of the land. They equate a Dem j-walking is equal to a Pedo president talking about dating his own daughter and spying on underage girls changing. You know... same same...right?;no;Off-topic;;;;;;;;;;;;;;;;;;;;;;;;;;;;;;;;;;;;;;;;;;;;;;;
;DeathByMillennial;1mjg4fl;n7b1xa2;RIP Las Vegas, you will not be missed;;Millennials are not into gambling. They are also not into golf. In Japan the government even put adds on TV encouraging young  people to drink. There is a loss of tax revenue by less drinking. More drinking will mean more taxes and an increase in the birth rate !;Millennials are into gambling just not at casinos. We would rather lose our asses on shitcoins/memecoins.;Yes;;Mixed;Millennial;Generic;Neutral;0;0;work_economy;;1;0;0;;1;0;;0;;Trait;0;Oppose;0;1;0;0;1;0;;1;Generic;Neg;0;0;work_economy;;1;0;0;;1;0;;0;;trait;0;;
;Millennials;1ojlzzv;nm44cma;What was the millennial version of 6-7?;I still don’t get the 6-7 thing but from what I’ve gathered it’s basically something they say to anything as a joke. What was our version of this?;![gif](giphy|3o6EQeB1evNnmFH1SM);Definitely suck it for a couple years;no;Off-topic;;;;;;;;;;;;;;;;;;;;;;;;;;;;;;;;;;;;;;;;;;;;;;;
;DeathByMillennial;1fi2xhc;lnee6so;Millennials depriving their parents of the joy of grandkids;;We are trying to survive ourselves plus I’m worried about putting all my emotional fckery my parents gave me onto another innocent kid. ;I don't think they understand that we're trying to survive. My parents blatantly mentioned that my brother and I didn't give them an anniversary party for their 25 year and then suggested we should throw them a large party for 35 (I talked them up to 40 to get them off our backs for another five years) and that there should be another one at 50 because that's what they did for their parents. I reminded them I've only been making enough to barely cover rent and bills for the past year and my brother is currently unemployed and job hunting. Am I crazy for thinking anniversaries should be just between the couple?;yes;;Auto;Millennial;Generic;Neg;0;0;family_values;;0;0;1;Universal;0;0;;0;;Trait;0;Support;0;1;0;0;0;0;;1;mixed;neg;0;0;work_economy;;0;0;0;;1;1;Epistemic;1;emphatic;trait;0;;
;Millennials;1ok22cz;nm7fmvr;Another millennial food chain feeling the pain. Chipotle Stock Tumbles as 25-35 year olds struggle with finances and affording their food.;"What's happening to the world? 15 years ago I used to love this place. I don't know what happened. Maybe prices. Maybe the fact it's too much food. I really would like a burrito half the size for half the price. At one point I went and they told me it would be a 40 minute wait to get a burrito because they had too many on line orders and I thought...okay I'll go back in like six months when their labor issues are solved and I never went back. 

Casual family sit down places have been struggling for a while. Sad to see it spread to the fast food places. Starbucks is closing many locations as well.  

[https://finance.yahoo.com/news/chipotle-stock-craters-as-company-says-young-people-without-jobs-cant-afford-their-food-anymore-155415667.html](https://finance.yahoo.com/news/chipotle-stock-craters-as-company-says-young-people-without-jobs-cant-afford-their-food-anymore-155415667.html)";I don’t know where you’re getting a $10 burrito. Here in SoCal it’s $13-16 dollars for a carne asada burrito at most of the -bertos taco shops.;"Most of the 'bertos' aren't mom and pop either, and also:


>Here in SoCal


You answered your own question. ";yes;;hetero;Millennial;Generic;neg;0;0;work_economy;;1;1;0;;0;0;;0;;Trait;0;Neutral;0;0;0;0;0;0;;0;;;;;;;;;;;;;;;;;;;
;Older_Millennials;1mordgq;n8e8ta6;How is everyone doing?;Just wanted to check in with my fellow older millennials.;Making more money than I ever have, finally out of CC debt but drowning still...can't string together 3 weeks without a financial emergency.;"Try any popular budgeting software, it changed my life

Edit: and you need an emergency fund of at least 6 months expenses. (I do a year, having survived a layoff that lasted months and months)";no;Off-topic;;;;;;;;;;;;;;;;;;;;;;;;;;;;;;;;;;;;;;;;;;;;;;;
;millenials;1odu2id;nkwle89;Probably in the wrong place to ask, but if there are any republicans in here that also voted for Trump, are you still on his side?;If yes, why? If you’re not, what made you change your mind? Just curious and thought I’d start here with my generation first. I know Republican Millennials exist despite a lot of us being more on the Liberal side of things.;"You know, I didn’t realize there were two millennial subreddits, the other one doesn’t allow politics at all but this one does.

I thought it was weird that there was a flair for it when it was against the rules, thinking this was the other sub.";Every time I mention something about politics even though I am responding to a post about politics or other people’s comments on politics I get a message from the mods saying my post was deleted and that they don’t allow conversations about politics. But yet I see other people post stuff about politics and they don’t say anything. I don’t get that.;no;Off-topic;;;;;;;;;;;;;;;;;;;;;;;;;;;;;;;;;;;;;;;;;;;;;;;
;Millennials;1ok22cz;nm7dbxi;Another millennial food chain feeling the pain. Chipotle Stock Tumbles as 25-35 year olds struggle with finances and affording their food.;"What's happening to the world? 15 years ago I used to love this place. I don't know what happened. Maybe prices. Maybe the fact it's too much food. I really would like a burrito half the size for half the price. At one point I went and they told me it would be a 40 minute wait to get a burrito because they had too many on line orders and I thought...okay I'll go back in like six months when their labor issues are solved and I never went back. 

Casual family sit down places have been struggling for a while. Sad to see it spread to the fast food places. Starbucks is closing many locations as well.  

[https://finance.yahoo.com/news/chipotle-stock-craters-as-company-says-young-people-without-jobs-cant-afford-their-food-anymore-155415667.html](https://finance.yahoo.com/news/chipotle-stock-craters-as-company-says-young-people-without-jobs-cant-afford-their-food-anymore-155415667.html)";"Making me wait while I'm there *in person* while you do online orders is an excellent way to piss me off and make sure I'll never eat there again. Just absolutely not.


That is so ass backwards, you take care of the customers *that are physically in front you* before you do online orders.";Yeah this is a terrible idea. Lined get very long and under-served while the online orders are all complete.;yes;;hetero;Millennial;Generic;Neg;0;0;work_economy;;1;1;0;;0;0;;0;;Trait;0;Neutral;0;0;0;0;0;0;;0;;;;;;;;;;;;;;;;;;Annotated title as parent;
;Millennials;1oipv0g;nlxeff7;Correcting your spelling in a follow up text with an asterisk;"This has got to be one of the most uniquely millennial or even sub generation texting habits. Do yall still do this? Do you notice it in others? 

edit: til editing texts is a feature? thats like telling me football is on tv but its not on a channel. what? if i cant type numbers into my remote to watch it then its not ""on tv""";"The real debate:


*word


or


Word*";the asterisk comes before, because you're signaling to the reader that a correction is being made. Why would you signal to them a correction is being made *after* you've made the correction? This is my petty hill.;yes;;Auto;Millennial;Generic;Neutral;0;1;tech_media;;1;1;1;majority;0;0;;1;Emphatic;Event;0;Neutral;0;0;0;0;0;0;;0;;;;;;;;;;;;;;;;;;Annotated Selftext as Parent.;
;millenials;1odu2id;nkx6k07;Probably in the wrong place to ask, but if there are any republicans in here that also voted for Trump, are you still on his side?;If yes, why? If you’re not, what made you change your mind? Just curious and thought I’d start here with my generation first. I know Republican Millennials exist despite a lot of us being more on the Liberal side of things.;"My dad is a 3x Trump voter, gladly bragging about how he will support him in 2028. He routinely laughs about rounding up liberals, gays, and black people. He said if anything happens to Trump, the “red button” should be pushed. 

From my perspective, the ones still supporting him are a lost cause.";Do you still speak to this man? (Or allow him to see your children if you have any?);no;Off-topic;;;;;;;;;;;;;;;;;;;;;;;;;;;;;;;;;;;;;;;;;;;;;;;
;millenials;1od5x0l;nkrn5o5;And you want to know why Millennials never voted republican in their lives!;;I'm in my 30s. I have no intention on voting Republican for the rest of my natural life.;Probably not in my artificial life either.;yes;;hetero;Millennial;Generic;Neutral;0;0;politics_civics;;1;0;1;Universal;1;0;;1;Emphatic;Event;0;Neutral;0;0;0;0;0;0;;0;;;;;;;;;;;;;;;;;;Annotated title as parent;
;Millennials;1ojiajv;nm3by1x;No wonder why millennials despise the 2000s pop culture era so much!;;"In 2004, a 16 year old Hilary Duff began dating a 25 year old Joel Madden, the lead singer of the popular band Good Charlotte.

*And we all just accepted it*

Those times were so vastly different in pop culture.";It’s still weird when someone in their 20’s dates someone in their 40’s. Like imagine someone born during the Reagan Administration dating someone who doesn’t remember when 9/11 happened?;yes;;Auto;Millennial;Generic;neg;0;0;family_values;;0;0;1;Universal;0;0;;1;Emphatic;Event;0;Support;0;0;0;0;0;0;;0;;;;;;;;;;;;;;;;;;;
;Millennials;1ojilx8;nm3c9vk;Today's millennial fashion is much more flattering than it used to be 20 years ago. Case in point: Brittany Snow at 18 and 39.;;"First photo lighting is shit with flash outdoors at night.

Second photo has bright red carpet studio lighting, heavy matte makeup and see no clothing to compare fashion.

This post sucks and defeats the point it's failing to make. Do better.";His point stands ;yes;;hetero;Millennial;Generic;pos;0;1;Health;;0;1;0;;0;0;;1;Emphatic;Trait;0;Neutral;0;0;0;0;0;0;;0;;;;;;;;;;;;;;;;;;Annotated title as parent;
;Millennials;1oj9g93;nm1cy9i;Death of Parents;"My husband’s father is currently dying. His prognosis is less than 6 months. We’re older millennials, so our parents aren’t young, but no amount of logical predictive thinking can really prepare you for how it feels. 

I’d appreciate any insight and advice you can offer on how to help us navigate the next several months. Especially if you’ve been through this process yourself. What can I do, as a spouse, to help ease his pain? Any special moments or memories stand out? I don’t want this time to pass by and have him experience any regret as to how it was spent.";"Bluntly? You can’t. This may be me being an only child, but nothing & no one could have prepared me for just how shattered I  felt when my father died. He was 88, so he’d had a long life, but he was a much older father. My cousins are 20+ years older than I am but my father was the first to pass away. That was extremely hard & I felt like no one understood and just expected me to move on quickly because he was old and had been sick for a couple years.

The only person I really talked to much at all was my s/o but that was fully because his mum died fairly young and so he understood a lot of the complex emotions I was going through. Sadly, my friend’s dad died about 5 months after mine & she’s now the other person who is closest to me.

People say, “just be there,” but I think “be patient!” Is probably the better way to go. Emotions run wild. It may be easier if you have children (I don’t) because you have to pull it together for them.";Be willing to be silent…if they need to talk let them talk…if they’re angry let them be angry…don’t try to make them make sense of what they’re experiencing;no;Off-topic;;;;;;;;;;;;;;;;;;;;;;;;;;;;;;;;;;;;;;;;;;;;;;;
;GenZ;1oioiq4;nlx6tqz;Gen Z what is your credit score?;;As an Australian, I also have no idea.;"It essencialy tells the bank if you suck financially and won’t be able to take the loan.

Here in ksa credit scores don’t matter, you can go and take a loan and they’ll look at your history and job and see if you are deemed fit.";no;Off-topic;;;;;;;;;;;;;;;;;;;;;;;;;;;;;;;;;;;;;;;;;;;;;;;
;GenZ;1ojmymx;nm4fpnt;Are we going to see a huge spike in suicides with Gen Z as they reach middle age?;"Here is a question I’ve pondered lately: are we going to see a huge influx of suicides as AI and late stage capitalism destroys people? 

I could see a huge spike with Gen Z specifically as they turn middle age and have no significant career, home, savings or partner. As you get older social connections just fall off additionally our parents will pass.

How does one operate mentally for years and years without being able to hit various life milestones? At some point the long-term depression will take root.

The future looks bleak for Americans and it seems like it will only get worse.";What other jobs even exist;You can always find a job as a PCA or a DSP working with old and disabled people. ;Yes;;hetero;genz;Generic;neg;0;0;Health;;1;0;0;;1;1;Modal;1;Emphatic;Event;0;Neutral;0;0;0;0;0;0;;0;;;;;;;;;;;;;;;;;;Annotated Selftext as Parent.;
;Younger_GenZ;1odqkq9;nkxakvz;How y'all feel about old-school rap?;I'm a Gen z 2007 and absolutely love old school rap. The 90s/00s era was the best for rap I love rappers like Eminem 50 cent Dr Dre snoop etc and hate new school rap. So do y'all like old-school rap?;The only rap artists I know of are MF Doom and Kendrick Lamar since I mostly listen to rock music but I’m open to recommendations;Look up the first two Nas albums, the first two Wu-Tang albums, the two Notorious BIG/Biggie Smalls albums and anything by Scarface or Outkast.;no;Off-topic;;;;;;;;;;;;;;;;;;;;;;;;;;;;;;;;;;;;;;;;;;;;;;;
;generationology;1oj0c7m;nm5rbww;My timeline of generations/cusps and their cultural eras.;;"Disagree with 2012 being Zillennial.

You mentioned the change in Facebook's UI being a ""shift"" but that is **miniscule** compared to the birth of Vine.

Vine released in 2013. That social media platform birthed ""short form content"" and was a precursor to what would succeed it in the form we all know as TikTok today. Vine would dominate Zillennial high school youth culture, the same way TikTok has been doing for Gen Z.

I am Class of 2012. I **never** had something like Vine **at all** during my time in High School from 2008 - 2012.

Zillennials seem to hold Vine as such a staple to their High School/Youth. Again, it's the same as TikTok is to Gen Z. Both of them being ""short form content"", a style that continues to dominate modern social media landscape and youth culture. That stuff never existed at all for me for which is why I never felt the Class of 2012 being any more different to 2011 and 2010. Vine being so embedded in Zillennial youth culture is one of those major things that I, as someone born in 1994, has always felt lapses with Zillennials in regards to their High School nostalgia.  

If you were in High School in 2013 and beyond, again, short form content through social media platforms like Vine or TikTok dominated your youth which is something that wasn't a thing at all for those of us who graduated High School in 2012 and older.

Edit: just realized how repetitive I sound here but I'm a little too tired and drunk to rephrase this, lol.";"Totally get it! I would argue that since you’re class of 2012, you had just graduated when I started as a freshman (class of 2016 here). Unfortunately I think you may have just missed the Zillennial era and more likely caught the tail end of millennial.

In my view, the zillennial era is *very* short and sweet. I would still argue the Facebook timeline is the shift, because while you are correct that Vine changed the game in 2013, they took Facebook’s algorithm idea and started showing users videos that aligned with the algorithm outside of the follow list. That’s when people started going viral on Vine. 

Despite not being the absolute end all be all of social media, they absolutely pioneered our social media as we see it today!";yes;;Auto;"Millenial; zillenial";generic;neutral;0;0;tech_media;;1;0;0;;1;1;Appearance;1;universal;trait;0;Support;0;0;0;0;0;0;;1;Generic;pos;0;0;meta_identity;;0;1;0;;0;1;Modal;1;emphatic;trait;0;;
;GenZIndia;1o9muif;nksxgte;Gen z of India :;"Use some logic people. Why would a spirit which is devoid of matter even need to turn on/off lights, roam around with ghunghroo sounds, and sleep in blankets ? These are humanly things. No non human would or infact can ever do these things. I won't buy this aahat episode typa story. Lemme tell you I don't believe in ghosts not because I haven't seem them or something but because they can't exist, you just need to use a bit of logic. Secondly these things are just so selective. Like the ghost is necessarily of the grandmother ? Just because her last rites weren't performed ? Most of the world is non Híndu. Most people are buried,so many die of horrible deaths on the same beds we all sleep (not exactly the beds but the space there since humans are hundreds of thousands of years old there's no way one hasn't died in your house). Had this last rites thingy was even a case, there would be no ghost deniers like me. I myself live at a place which is said to be a place where capital punishments were given during the British Raj. All this never happened to me. And I won't lie that I haven't experienced any paranormal activity but most were explained because I punch my throbbing and scaredy cat heart and go out to look for anything. 

The thing is, ghosts CAN'T exist. Spirits are not proven till this day and neuroscience points towards the fact that they don't exist at all. But even if you discard that, how can ghosts even logically exist ? A non matter human which so just decided to haunt you for no apparent reason ? Thing is that your mind plays game with yourself. My grandmother, even though she believes in paranormal stuff, says a great thing that the more you fear your fear, the more it will haunt you. It means that if you're letting these kinda things haunt you, they will haunt and it does seems to be a psychological reality. Brain does see things when it really believes in them. Rest all the lights automatically being turned off and someone sleeping with blanket sounds very cheap and i won't buy it. Maybe you had a burglar, maybe you have some underlying mental condition (it's totally okay you can get help for that ) or you're just a karma farming noob 

This is my reply to the original post. The reason I made this post is to show my discontent towards how teens who are supposed to be more rational, logical and scientific still believes in ghosts. But I think there's an undiscussed aspect of ghost belief, mental health. Our people know nothing of it, literally nothing. Ever seen those people acting all chipku? Mental health problem. Or the people who keeps hearing stuff? Mental health problem. A person like me making this post ? Mental health problem... MENTAL HEALTH IS NOT BEING ""PAGAL"". like physical health problems, it can range from very small analogous to cold to very big analogous to blunt trauma or heart attacks.

How many of us actually see within ourselves to see if we have any kind of mental health problem ? We are fine working humans (or so we think so) but guess what cancer, one of the most feared health conditions, is seen in people whom we admire for being healthy. Fellow teens, please be smart and normalise discussions on mental health. Alot of you people are also suffering, even I am but it's never apparent because we laugh, live, eat like others but deep down, we are very broken. Even if you have no problem with your family, friends or people in general, you can still have your mental health screwed up because of environmental factors. Even potholes on roads makes a person chronically irritated which can in turn increase their aggression over things.";Bhai ye scientific temperament constitution ke founding fathers ne aise hi lagaye hain ! Desh ke majority logon ko Aahat , Beer Biceps aur Tantra dekhna hain.;Bro look at the replies 😭😭😭 these people are younger than 21;yes;;Auto;genz;Generic;Neg;0;0;Education;1;0;0;0;;1;0;;0;;Trait;0;Support;0;0;0;0;0;0;;1;Specific;Neg;0;0;meta_identity;0;0;0;0;;0;0;;0;;trait;0;Annotated Selftext as Parent.;
;MiddleGenZ;1od6qkb;nks0igv;brainrot and gen z;Why are gen Z being associated with brain rot I barely know what skibity toilet is😭;I mean, a large amount of Gen Z, especially younger Gen Z, definitely consumes brainrot too. I’m a 2006 born and a lot of people may age think that “6-7” and other brainrot is the pinnacle of humor;no idea wtf 6 7 means i just hear kids say it and laugh;yes;;Auto;genz;Generic;Neg;0;0;tech_media;;1;0;1;majority;0;0;;1;Emphatic;Trait;0;Support;0;0;0;0;0;0;;0;;;;;;;;;;;;;;;;;;;
;GenZ;1oj5c59;nm0qjdv;What is your personal range for older Gen Z?;In your opinion what years do you consider older Gen Z? More precisely, in what year does it begin?;Pre- and post- pandemic are a good way to categorize it, I can see it in how it affected me versus my older sibling;Also those who spent a lot of formative childhood years in the 2000s, as opposed to exclusively in the 2010s;no;Off-topic;;;;;;;;;;;;;;;;;;;;;;;;;;;;;;;;;;;;;;;;;;;;;;;
;GenZ;1oiqe7g;nly4i6n;Gen Z gooooood?;For youths aged 12‑20 in the US, the average age of first alcohol use was 13.65 years during 1991‑1993.;"BASED


Don't touch the stuff, kids. Don't do alcohol. It killed my friend. It ruined another friend's marriage. It is the shittiest drug. People get hooked and literally spend their entire lives trying to quit. It destroys your liver, makes you fat, makes you stupid and damages your brain, can make you do terrible things like hurt people and cheat on your partner. People drive drunk and kill people all the time. People get drunk and give their kids birth defects. Just say no. Just never even start drinking. 


Seriously. Don't even try it. It RUINS lives. I have seen so many ruined by alcohol. Please listen. You do not have to copy what you see on TV. And you don't need to listen to addicts. There is nothing cool about alcohol.


So many alcoholics mad at this comment.";"Holy whining😭
Just drink responsibly.";no;Off-topic;;;;;;;;;;;;;;;;;;;;;;;;;;;;;;;;;;;;;;;;;;;;;;;
;generationology;1ohz9xi;nlrxi8e;What was the old internet (before 2010) like im gen z and didnt get an ipad till 2012 lol;Like what was myspace like lol. Im born in 2002 and just wondering what the old internet was like. Also could you not use the internet and the phone at the same time?;"I guess you forgot about flash games and java games.  There were a lot of those and you only got obnoxious video style ads if you installed flash or java.

The whole reason they wanted to get rid of flash was so they could force HTML5 down your throat and make sure almost everyone could get video ads.  Prior to that, not everyone installed flash, sure a lot of people did, but it was less and HTML5 got video ads to much more people.";It didnt give you a choice tho. It forced you to download flash;No;Off-topic;;;;;;;;;;;;;;;;;;;;;;;;;;;;;;;;;;;;;;;;;;;;;;;
;GenZ;1oj7o9v;nm0x5ra;The political spectrum of Gen Z in the United States: Where is Gen Z headed?;"I’m not American, but i suspect how easily the trends of a generation in the U.S. can be copied and spread to other countries, especially in Latin America. For this reason, i consider it very important and relevant to know and understand what Generation Z’s stance is and where this generation’s political compass is pointing.

You, as a young/old person who is part of Generation Z — **How do you personally perceive the political spectrum of Generation Z in the United States? What do you feel isn’t being said about Generation Z’s political tendencies in the U.S.? What path is it taking?**

Please feel free to express whatever you want; i ask that you exercise your First Amendment (freedom of speech) right with complete freedom.";According to some articles, back to the year 2000;Yes please;No;Off-topic;;;;;;;;;;;;;;;;;;;;;;;;;;;;;;;;;;;;;;;;;;;;;;;
;GenZ;1ojmymx;nm4etqz;Are we going to see a huge spike in suicides with Gen Z as they reach middle age?;"Here is a question I’ve pondered lately: are we going to see a huge influx of suicides as AI and late stage capitalism destroys people? 

I could see a huge spike with Gen Z specifically as they turn middle age and have no significant career, home, savings or partner. As you get older social connections just fall off additionally our parents will pass.

How does one operate mentally for years and years without being able to hit various life milestones? At some point the long-term depression will take root.

The future looks bleak for Americans and it seems like it will only get worse.";I’m probably gonna live to be 65 at max;After that, its a lucky day to be alive.;Yes;;hetero;genz;Generic;Neg;0;0;Health;;1;0;0;;1;1;Modal;1;Emphatic;Event;0;Support;0;0;0;0;0;0;;0;;;;;;;;;;;;;;;;;;Annotated Selftext as Parent.;
;GenZ;1ojgd09;nm2xvzu;As a member of Gen Z, what is the least Gen Z thing you do on the daily?;Every morning, I hunch over the kitchen table and complete my daily word puzzles as I sip on my coffee. I'm not sure how non-Gen Z that is, but it always reminds me of my grandmother, who loved her crossword puzzles. What's the least Gen Z thing you do on the daily?;Typing “lol” and “lmao” at the end of my sentences;Lmao what about in the front of a sentence though??;No;Off-topic;;;;;;;;;;;;;;;;;;;;;;;;;;;;;;;;;;;;;;;;;;;;;;;
;GenZIndia;1o9muif;nk6lgkh;Gen z of India :;"Use some logic people. Why would a spirit which is devoid of matter even need to turn on/off lights, roam around with ghunghroo sounds, and sleep in blankets ? These are humanly things. No non human would or infact can ever do these things. I won't buy this aahat episode typa story. Lemme tell you I don't believe in ghosts not because I haven't seem them or something but because they can't exist, you just need to use a bit of logic. Secondly these things are just so selective. Like the ghost is necessarily of the grandmother ? Just because her last rites weren't performed ? Most of the world is non Híndu. Most people are buried,so many die of horrible deaths on the same beds we all sleep (not exactly the beds but the space there since humans are hundreds of thousands of years old there's no way one hasn't died in your house). Had this last rites thingy was even a case, there would be no ghost deniers like me. I myself live at a place which is said to be a place where capital punishments were given during the British Raj. All this never happened to me. And I won't lie that I haven't experienced any paranormal activity but most were explained because I punch my throbbing and scaredy cat heart and go out to look for anything. 

The thing is, ghosts CAN'T exist. Spirits are not proven till this day and neuroscience points towards the fact that they don't exist at all. But even if you discard that, how can ghosts even logically exist ? A non matter human which so just decided to haunt you for no apparent reason ? Thing is that your mind plays game with yourself. My grandmother, even though she believes in paranormal stuff, says a great thing that the more you fear your fear, the more it will haunt you. It means that if you're letting these kinda things haunt you, they will haunt and it does seems to be a psychological reality. Brain does see things when it really believes in them. Rest all the lights automatically being turned off and someone sleeping with blanket sounds very cheap and i won't buy it. Maybe you had a burglar, maybe you have some underlying mental condition (it's totally okay you can get help for that ) or you're just a karma farming noob 

This is my reply to the original post. The reason I made this post is to show my discontent towards how teens who are supposed to be more rational, logical and scientific still believes in ghosts. But I think there's an undiscussed aspect of ghost belief, mental health. Our people know nothing of it, literally nothing. Ever seen those people acting all chipku? Mental health problem. Or the people who keeps hearing stuff? Mental health problem. A person like me making this post ? Mental health problem... MENTAL HEALTH IS NOT BEING ""PAGAL"". like physical health problems, it can range from very small analogous to cold to very big analogous to blunt trauma or heart attacks.

How many of us actually see within ourselves to see if we have any kind of mental health problem ? We are fine working humans (or so we think so) but guess what cancer, one of the most feared health conditions, is seen in people whom we admire for being healthy. Fellow teens, please be smart and normalise discussions on mental health. Alot of you people are also suffering, even I am but it's never apparent because we laugh, live, eat like others but deep down, we are very broken. Even if you have no problem with your family, friends or people in general, you can still have your mental health screwed up because of environmental factors. Even potholes on roads makes a person chronically irritated which can in turn increase their aggression over things.";reminds me of that one webtoon i read back in 2020, in which ghosts shared scary stories about humans with each other, and those stories were scary asf 💀 (i dont remember the name now);Now i want to read it;No;Off-topic;;;;;;;;;;;;;;;;;;;;;;;;;;;;;;;;;;;;;;;;;;;;;;;
;generationology;1ohz9xi;nlwsgc7;What was the old internet (before 2010) like im gen z and didnt get an ipad till 2012 lol;Like what was myspace like lol. Im born in 2002 and just wondering what the old internet was like. Also could you not use the internet and the phone at the same time?;It was quite different people just hopped from site to site .most sites didn't have a lot of content but everything was spread out across the internet .and people would vist the more minor sites so there was a lot of stuff even by modern standards. the main thing i did on the internet back then was play browser games and i avoided interacting with people .but i could have used forums and ither things;Yeah, the internet used to feel bigger because there were a lot more sites for more niche things. I feel like social media combined elements of a lot of websites together, essentially eliminating a of of websites.;no;Off-topic;;;;;;;;;;;;;;;;;;;;;;;;;;;;;;;;;;;;;;;;;;;;;;;
;GenZ;1oi6uj4;nlt8uos;Greens at 40% among UK Gen Z;; I just want a Green Party without all of the crazy leftist nonsense;Labour is the party for you?;No;Off-topic;;;;;;;;;;;;;;;;;;;;;;;;;;;;;;;;;;;;;;;;;;;;;;;
;generationology;1ojqe4f;nm6caag;What does 67 mean;So I have a younger sibling that sometimes says 67 I’m gen z and I’m really confused about it. Is there a meaning or is it nonsense?;Pure nonsense. My kids finally explained it to me. It actually means absolutely nothing. It’s designed to baffle adults.;It comes from a song (Doot Doot) by some rap artist. Then it started to get featured in TikToks of Lamelo Ball because that's his height.;No;Off-topic;;;;;;;;;;;;;;;;;;;;;;;;;;;;;;;;;;;;;;;;;;;;;;;
;GenZIndia;1oj7cq1;nm2kjpd;Is GenZ a set of modern behaviour or anyone born between 1997-2012 is a GenZ?;"Many people who are 21-25 still say they aren't GenZ. They call those GenZ who are still in college and below in 2025. 

And what about people who can't relate to GenZ bcz they were brought up in a Traditional or Restricted household? 

Can you guys share your opinion and insights about it that you have realised and concluded?";"Lmao wrong
Gen Z in India is more of socio economic background based

For richer or upper middle class city folks it can be anything from 1997-98 onwards

For rural or not so good SE Bg 2000/1/2/3 onwards";Kind of agree on the socioeconomic front. Rural, poorer Gen Z fall into a different category, but then again those are class differences amplified. I wouldn’t say my definition is obsolete either.;No;Off-topic;;;;;;;;;;;;;;;;;;;;;;;;;;;;;;;;;;;;;;;;;;;;;;;
;generationology;1ojj8jj;nm4qgnl;In your opinion, what are the two most different Zillennial/Gen Z graduating classes to share a year of high school?;"In your opinion, what are the two most different Zillennial/Gen Z graduating classes to share a year of high school?

[View Poll](https://www.reddit.com/poll/1ojj8jj)";"You're forgetting Vine as a major difference between C/O 2012 and 2015.

That released in 2013 and it's a major precursor to short-form content media that would eventually morph into its successor called TikTok. Both those platforms and medium dominated so much of Zillennial high school youth culture (with Vine) and TikTok for Gen Z.

Never had any of that stuff **at all** during my time in High School as Class of 2012.

One of those things that's a staple to Zillennials but was never a thing for me hence why I had never felt like C/O 2012 was anymore different to 2011 or 2010 that it's separated and lumped in with ""Zillennials"".";"I think '94 is pretty solid millennial these days, albeit late. Probably '95-99 or so fit the zillennials bill best. '94 has a flair on the zil sub, but at least lately don't seem that common compared the latter ones.


But the '94 ones that do feel they fit the bill, it's not my place to say they can't either";No;Off-topic;;;;;;;;;;;;;;;;;;;;;;;;;;;;;;;;;;;;;;;;;;;;;;;
;GenZ;1ojmymx;nm4aiaa;Are we going to see a huge spike in suicides with Gen Z as they reach middle age?;"Here is a question I’ve pondered lately: are we going to see a huge influx of suicides as AI and late stage capitalism destroys people? 

I could see a huge spike with Gen Z specifically as they turn middle age and have no significant career, home, savings or partner. As you get older social connections just fall off additionally our parents will pass.

How does one operate mentally for years and years without being able to hit various life milestones? At some point the long-term depression will take root.

The future looks bleak for Americans and it seems like it will only get worse.";Every generation thinks the same thing as what you just described but as you go through life great opportunities cross your path more & more. Every time I talk to older people they all say the same shit. 20 was great but 30 was even better & 40 was amazing. It doesn't matter what generation you talk to they all say the same thing. Everybody thinks shit is fucked when they are 16 to 30. Then it's not somewhere along the way your path gets carved;Before you posted this, did you bother to check if every generation was right or not?;Yes;;hetero;genz;Generic;Pos;1;1;Health;;1;0;1;Universal;0;0;;0;;state;0;Oppose;0;0;1;0;0;0;;0;;;;;;;;;;;;;;;;;;;
;GenZ;1ne8nbv;ndmrtw1;Celebrating violence and death will get you banned no exceptions;"As most of you may have heard, Charlie Kirk was killed yesterday. 

While many of us, myself included, strongly disagreed with his political beliefs, celebrating his death or sharing videos of his murder is unbelievably vile and has no place in r/GenZ.

We all know what he said when he was alive, but using that as justification for his murder makes you no better than him. 

He was wrong when he said he didn’t believe in empathy, but if you think that means we shouldn’t have empathy for him now, that makes you a hypocrite.

Any posts celebrating his death or attempting to justify his murder will be removed, and the user will be permanently banned. No exceptions, no second chances.

Thank you.
";I’ve not seen any posts anywhere “celebrating.” I’ve been scrolling instagram and reddit for a few hours and I’ve seen a LOT of people *talking* about how some people are “celebrating” but not anything first hand.;Amnesia hits hard these days or just straight-up denial.;No;Off-topic;;;;;;;;;;;;;;;;;;;;;;;;;;;;;;;;;;;;;;;;;;;;;;;
;GenZIndia;1o9muif;nk3k749;Gen z of India :;"Use some logic people. Why would a spirit which is devoid of matter even need to turn on/off lights, roam around with ghunghroo sounds, and sleep in blankets ? These are humanly things. No non human would or infact can ever do these things. I won't buy this aahat episode typa story. Lemme tell you I don't believe in ghosts not because I haven't seem them or something but because they can't exist, you just need to use a bit of logic. Secondly these things are just so selective. Like the ghost is necessarily of the grandmother ? Just because her last rites weren't performed ? Most of the world is non Híndu. Most people are buried,so many die of horrible deaths on the same beds we all sleep (not exactly the beds but the space there since humans are hundreds of thousands of years old there's no way one hasn't died in your house). Had this last rites thingy was even a case, there would be no ghost deniers like me. I myself live at a place which is said to be a place where capital punishments were given during the British Raj. All this never happened to me. And I won't lie that I haven't experienced any paranormal activity but most were explained because I punch my throbbing and scaredy cat heart and go out to look for anything. 

The thing is, ghosts CAN'T exist. Spirits are not proven till this day and neuroscience points towards the fact that they don't exist at all. But even if you discard that, how can ghosts even logically exist ? A non matter human which so just decided to haunt you for no apparent reason ? Thing is that your mind plays game with yourself. My grandmother, even though she believes in paranormal stuff, says a great thing that the more you fear your fear, the more it will haunt you. It means that if you're letting these kinda things haunt you, they will haunt and it does seems to be a psychological reality. Brain does see things when it really believes in them. Rest all the lights automatically being turned off and someone sleeping with blanket sounds very cheap and i won't buy it. Maybe you had a burglar, maybe you have some underlying mental condition (it's totally okay you can get help for that ) or you're just a karma farming noob 

This is my reply to the original post. The reason I made this post is to show my discontent towards how teens who are supposed to be more rational, logical and scientific still believes in ghosts. But I think there's an undiscussed aspect of ghost belief, mental health. Our people know nothing of it, literally nothing. Ever seen those people acting all chipku? Mental health problem. Or the people who keeps hearing stuff? Mental health problem. A person like me making this post ? Mental health problem... MENTAL HEALTH IS NOT BEING ""PAGAL"". like physical health problems, it can range from very small analogous to cold to very big analogous to blunt trauma or heart attacks.

How many of us actually see within ourselves to see if we have any kind of mental health problem ? We are fine working humans (or so we think so) but guess what cancer, one of the most feared health conditions, is seen in people whom we admire for being healthy. Fellow teens, please be smart and normalise discussions on mental health. Alot of you people are also suffering, even I am but it's never apparent because we laugh, live, eat like others but deep down, we are very broken. Even if you have no problem with your family, friends or people in general, you can still have your mental health screwed up because of environmental factors. Even potholes on roads makes a person chronically irritated which can in turn increase their aggression over things.";I don't think they were considering it as just fun;Both of you are correct;No;Off-topic;;;;;;;;;;;;;;;;;;;;;;;;;;;;;;;;;;;;;;;;;;;;;;;
;GenZ;1ojp0oi;nm56pe5;How many of gen z know how to flirt?;"The reason I ask because I'm feeling like I'm only young adult that don't anything about the art of seduction. I'm just asking is anyone like me 
who in they early 20s.";It is post-Covid. The pandemic years really destroyed a lot of opportunities for social development.;Yea it fucked mine too but cmon now. You’re feeding into this illusion by not forcing yourself to do it. I lost my junior and senior year bc of covid. I just had to learn and figure the shit out. Exposure therapy works;yes;;hetero;genz;Generic;Neg;0;0;Health;;0;0;1;majority;0;0;;1;Emphatic;Event;0;Oppose;0;0;0;0;1;0;;1;Specific;Neg;0;1;Health;;0;0;0;;1;0;;0;;state;0;;
;generationology;1ohyjth;nlturv3;I was born in 2010, Am I Generation Z or Generation Alpha?;Hello! This is my first post in the r/generationology server and I had a burning question I wanted to ask. Recently with the rise of Generation Alphas born in like 2013+ being more and more of a social topic I was wondering something, I was born during May of 2010 and was wondering which Generation I belong to? I grew up with DVD's, Cable TV, Home phones, Shared family computer, Beyblades and Sillybands, The DS and Wii. I remember a time before mainstream social media and when renting movies was still a family activity. I remember when people still used Ipods to listen to music, But with all of these things when I look at sources online I see that Gen Z is usually considered as 1995-2010 or 1997-2012 but at the same time sources like McCrindle say that Generation Alpha started in 2010 so that leaves me very confused. I don't relate at all to someone who was born in 2015 as we share none of the same experiences but we apparently share the same generation? If I could get some answers it would be much appreciated.;If here in Latin America you would already be practically part of the early Alpha generation, at most, stretching it a lot and being very lenient, a late Gen Z, then in the USA you must certainly be Gen Alpha.;"https://preview.redd.it/kraqcceo5wxf1.jpeg?width=1080&format=pjpg&auto=webp&s=b78e795d5082c1d1215129682f2e48524781863d

Think again";no;Off-topic;;;;;;;;;;;;;;;;;;;;;;;;;;;;;;;;;;;;;;;;;;;;;;;
;GenZ;1ojp0oi;nm4zqaq;How many of gen z know how to flirt?;"The reason I ask because I'm feeling like I'm only young adult that don't anything about the art of seduction. I'm just asking is anyone like me 
who in they early 20s.";Not more autistic. Just more seen;"This. The methods of diagnosing and definitions just changed so there is now ""more"" autism, but in reality the % amount probably didnt change at all, its just that its seen now.";yes;;hetero;genz;Generic;neutral;0;0;Health;;0;0;1;majority;1;0;;0;;Trait;0;Support;0;0;0;1;1;0;;1;Generic;Neutral;0;0;Health;;0;0;1;majority;1;1;Modal;0;;trait;0;;
;GenZ;1oioiq4;nlx7d10;Gen Z what is your credit score?;;How do you get your rent reported?;Probably Bilt;No;Off-topic;;;;;;;;;;;;;;;;;;;;;;;;;;;;;;;;;;;;;;;;;;;;;;;
;GenZIndia;1o9muif;nk97xyg;Gen z of India :;"Use some logic people. Why would a spirit which is devoid of matter even need to turn on/off lights, roam around with ghunghroo sounds, and sleep in blankets ? These are humanly things. No non human would or infact can ever do these things. I won't buy this aahat episode typa story. Lemme tell you I don't believe in ghosts not because I haven't seem them or something but because they can't exist, you just need to use a bit of logic. Secondly these things are just so selective. Like the ghost is necessarily of the grandmother ? Just because her last rites weren't performed ? Most of the world is non Híndu. Most people are buried,so many die of horrible deaths on the same beds we all sleep (not exactly the beds but the space there since humans are hundreds of thousands of years old there's no way one hasn't died in your house). Had this last rites thingy was even a case, there would be no ghost deniers like me. I myself live at a place which is said to be a place where capital punishments were given during the British Raj. All this never happened to me. And I won't lie that I haven't experienced any paranormal activity but most were explained because I punch my throbbing and scaredy cat heart and go out to look for anything. 

The thing is, ghosts CAN'T exist. Spirits are not proven till this day and neuroscience points towards the fact that they don't exist at all. But even if you discard that, how can ghosts even logically exist ? A non matter human which so just decided to haunt you for no apparent reason ? Thing is that your mind plays game with yourself. My grandmother, even though she believes in paranormal stuff, says a great thing that the more you fear your fear, the more it will haunt you. It means that if you're letting these kinda things haunt you, they will haunt and it does seems to be a psychological reality. Brain does see things when it really believes in them. Rest all the lights automatically being turned off and someone sleeping with blanket sounds very cheap and i won't buy it. Maybe you had a burglar, maybe you have some underlying mental condition (it's totally okay you can get help for that ) or you're just a karma farming noob 

This is my reply to the original post. The reason I made this post is to show my discontent towards how teens who are supposed to be more rational, logical and scientific still believes in ghosts. But I think there's an undiscussed aspect of ghost belief, mental health. Our people know nothing of it, literally nothing. Ever seen those people acting all chipku? Mental health problem. Or the people who keeps hearing stuff? Mental health problem. A person like me making this post ? Mental health problem... MENTAL HEALTH IS NOT BEING ""PAGAL"". like physical health problems, it can range from very small analogous to cold to very big analogous to blunt trauma or heart attacks.

How many of us actually see within ourselves to see if we have any kind of mental health problem ? We are fine working humans (or so we think so) but guess what cancer, one of the most feared health conditions, is seen in people whom we admire for being healthy. Fellow teens, please be smart and normalise discussions on mental health. Alot of you people are also suffering, even I am but it's never apparent because we laugh, live, eat like others but deep down, we are very broken. Even if you have no problem with your family, friends or people in general, you can still have your mental health screwed up because of environmental factors. Even potholes on roads makes a person chronically irritated which can in turn increase their aggression over things.";I'm atheist and quite woke in general;Then you know why people believe in ghosts. If they can believe in one, why not the other? You’re right, ghosts make no sense, but neither does God.;Yes;;Auto;genz;Generic;Neg;0;0;Education;;1;0;0;;0;0;;1;Emphatic;Trait;0;Neutral;0;0;0;0;0;0;;1;Generic;Neg;0;0;Culture;;0;0;0;;1;0;;0;;trait;0;Annotated Selftext as Parent;
;generationology;1ohz9xi;nlrwuml;What was the old internet (before 2010) like im gen z and didnt get an ipad till 2012 lol;Like what was myspace like lol. Im born in 2002 and just wondering what the old internet was like. Also could you not use the internet and the phone at the same time?;"you need to go back a good bit earlier to the time of online meant no talking on the phone and vice versa

mid to late 00s kind of the same just not in your pocket so people not as 100% obsessed and taken over by it and not all stores and ways of life yet fully extinguished or taken over either

youtube was a lot more, IDK, real. like no influencers and no ""so please subscribe and don't forget to hit that like button and without further ado...."" and it was sharing to share to connect and not for cash, could even be real friends with people posting videos, not all commercialized

of course no endless AI produced/generated videos on youtube

it was more random and goofy and wild and less controlled and corporate, more free wheeling and all sorts of smaller scale websites and channels could thrive and show up in google search, now it feels like 4 sites get 90% of all traffic kinda deal in comparison

much earlier on like early 90s it still felt like not much more than glorified BBS of the 80s and a lot of online activity took place in Usenet newsgroups (vaguely like reddit but much more workable and better) and the online crowd tended to be not any old Joe off the street but more well educated and smart and it skewed much towards the at least somewhat younger age ranges and not many trolls, once everyone got on, any discussion section of any major website turned into a cesspools of trolling and hate and wild conspiracy and so on";facts. i had alota fun online in the early 2000s...so many random websites never to see the day light again;No;Off-topic;;;;;;;;;;;;;;;;;;;;;;;;;;;;;;;;;;;;;;;;;;;;;;;
;Younger_GenZ;1ocqlsj;nkpxza8;Why if fnaf so popular with core-late gen z?;;idk i never really got into it personally when everyone else liked it;i was more of a minecraft guy;No;Off-topic;;;;;;;;;;;;;;;;;;;;;;;;;;;;;;;;;;;;;;;;;;;;;;;
;GenZ;1oi6uj4;nltb6zf;Greens at 40% among UK Gen Z;;"no offence, either it wont translate at all in the next election 

or...

Reform and the Greens will kill off the old tory vs labour system haha";Yeah, I remember there was a by election in Wales where Plaid Cymru won a historically very labour seat.  Same side of the spectrum but different party.  Looks like people are maintaining their values but voting for parties that are not Labout.;No;Off-topic;;;;;;;;;;;;;;;;;;;;;;;;;;;;;;;;;;;;;;;;;;;;;;;
;Younger_GenZ;1o3x367;nizolwp;What do yall think of this;What do yall think of this idea since the world was supposed to end in 2012 according to the mayans and Z being the last letter of the Alphabet meaning 2012 could actually make a solid last year for Gen Z.;I think i feel old seeing people born when i was in high school actually typing on here lol;Get used to it is all i can say lol.;No;Off-topic;;;;;;;;;;;;;;;;;;;;;;;;;;;;;;;;;;;;;;;;;;;;;;;
;MiddleGenZ;1od6qkb;nkrs1j2;brainrot and gen z;Why are gen Z being associated with brain rot I barely know what skibity toilet is😭;i went to middle school right in the middle of vine’s popularity, and that was definitely our version of “brainrot” even if it wasn’t called that then. idk how my middle school teachers put up with kids yelling deez nuts every five seconds;Fair enough. Really makes me reflect on my younger self. Teachers are really something.;No;Off-topic;;;;;;;;;;;;;;;;;;;;;;;;;;;;;;;;;;;;;;;;;;;;;;;
;generationology;1ohz9xi;nlrwwyr;What was the old internet (before 2010) like im gen z and didnt get an ipad till 2012 lol;Like what was myspace like lol. Im born in 2002 and just wondering what the old internet was like. Also could you not use the internet and the phone at the same time?;"Oof, when I think of the ""old internet"" my mind goes to the 80s & 90s. Now it's anything before 2010?!?

That all being said, the old internet was very static. You could consume content (e.g. read the news, check the weather, etc.) but your ability to contribute in any meaningful way as a user was very limited. That's part of the reason sites like Myspace & Facebook were so successful.

Web pages were mostly read only, rendered on the server, and then sent to your computer to be displayed. The concept of a single page application was in its infancy and didn't really exist yet. Hell, AngularJs didn't even come out until 2010. Around that time, the most common screen resolution was still 1024 x 768. It wasn't possible to fit as much content on the screen so you ended up scrolling a lot more back then.

One thing I'll give the early internet is that you could still be somewhat anonymous online. There was a sense of freedom in not being tracked that I kinda miss. But to answer your question, the early internet was mostly garbage";"I guess you forgot about flash games and java games.  There were a lot of those and you only got obnoxious video style ads if you installed flash or java.

The whole reason they wanted to get rid of flash was so they could force HTML5 down your throat and make sure almost everyone could get video ads.  Prior to that, not everyone installed flash, sure a lot of people did, but it was less and HTML5 got video ads to much more people.";No;Off-topic;;;;;;;;;;;;;;;;;;;;;;;;;;;;;;;;;;;;;;;;;;;;;;;
;MiddleGenZ;1oi5f67;nlt37mv;The Hidden Power of Gen Z: Critiques and Clarifications (Part 2);"Introduction: Revisiting the First Part and Addressing Critics

The first part of this discussion explored how a wealthy subset of Generation Z—known as the ""2K kids""—is shaping college social life with an ideology that prioritizes enjoyment, friendship, and self-expression over conventional responsibilities like studying or career planning. While this lifestyle has gained significant influence, it has also birthed notable criticism. Many argue that this depiction overgeneralizes Gen Z, painting them as superficial or irresponsible, and ignores the broader diversity and struggles faced by many within the generation. Critics rightly question the accessibility and realism of such an ideology, highlighting the risks and exclusions it fosters for non-wealthy youth.

Answers to the Critics

It is essential to move past stereotypes to understand Gen Z's complex nature. Yes, some affluent young individuals live carefree lives centered on social visibility and entertainment. However, many Gen Z members are pragmatic, socially conscious, and deeply invested in justice, equity, and long-term wellbeing. Their activism, digital fluency, and willingness to challenge norms demonstrate adaptability and critical thinking rather than mere frivolity. Furthermore, the widespread adoption of this ideology by non-wealthy students often results from peer pressure and fear of exclusion rather than genuine desire. This dynamic creates social tension and underscores the need for more inclusive cultural narratives that acknowledge varying socio-economic realities.

The Inaccessible and Unrealistic Ideology

The ""enjoy life first"" mentality, while alluring, remains mainly inaccessible to those lacking significant financial privilege. It demands costly engagements such as parties, fashion, and lifestyle choices that many cannot afford without sacrificing necessities or future prospects. For vulnerable students, conforming to such pressures can lead to financial strain, emotional stress, and neglect of personal goals. This ideology’s unrealistic expectations risk exacerbating social divides and harming mental health, making it imperative to challenge the assumption that all youth have equal capacity to participate in or benefit from it.

A Personal Example: Attraction to the Mythical ""Bad Boy""

Within this ideology, social dynamics often elevate rebellion and risk-taking, as illustrated by the example of a Gen Z girl who prefers a ""bad boy"" persona over a genuinely good and kind individual. This preference reflects the allure of excitement, social visibility, and perceived authenticity, which may overshadow quieter virtues like responsibility or reliability. Such patterns highlight how social influence and peer norms can distort personal values, reinforcing superficial judgments rather than fostering sincere relationships.

My Opinion on the Nepal Revolution

The Nepal revolution is a profound example of youth-driven change that contrasts with mere social posturing or party-centric lifestyles. It embodied collective action aimed at democratizing governance and ending oppression through sustained activism rather than fleeting rebellion. This revolution underscores the power of purposeful, organized social movements grounded in justice rather than mere social visibility or privilege. It reminds us that youth empowerment is not inherently frivolous but can be a transformative force when harnessed for meaningful change.

### Conclusion and What’s Next: Part 3

In sum, the debate around Gen Z’s influence on campus culture requires nuance and empathy. The ideology popularized by wealthy youth offers insight into contemporary social trends but also reveals pitfalls and inequities. Recognizing these complexities is vital to fostering healthier, more inclusive environments for all students regardless of background.

In the next part, Part 3, we will explore actionable pathways forward. This will include strategies for balancing enjoyment with responsibility, ways institutions can support diverse student needs, and how genuine connection and authenticity can be cultivated over performative social norms. The goal is to envision a more equitable future shaped by conscious choices rather than coerced conformity.";is this... AI slop? the structure and everything;Yeah I get why you’d think that, the writing does sound a bit too polished for a casual post.;No;Off-topic;;;;;;;;;;;;;;;;;;;;;;;;;;;;;;;;;;;;;;;;;;;;;;;
;GenZ;1oiy19b;nlyyiji;What are some stereotypes about Gen Z that you strongly feel are inaccurate or downright offensive?;;I kinda feel bad for like mid-Z because people just assume they don’t grow up on cable TV, or like at all before Covid.;I am 25 and have had a millennial assume that I did not know what a satellite dish was. It was an unpleasant experience.;Yes;;hetero;"Genz; millenial";Generic;Neg;0;0;tech_media;;1;0;1;Universal;1;0;;0;;Trait;0;Support;0;1;0;0;0;0;;1;Specific;Neg;0;0;tech_media;;1;0;0;;1;0;;0;;Event;0;;
;GenZIndia;1o9muif;nk4iypc;Gen z of India :;"Use some logic people. Why would a spirit which is devoid of matter even need to turn on/off lights, roam around with ghunghroo sounds, and sleep in blankets ? These are humanly things. No non human would or infact can ever do these things. I won't buy this aahat episode typa story. Lemme tell you I don't believe in ghosts not because I haven't seem them or something but because they can't exist, you just need to use a bit of logic. Secondly these things are just so selective. Like the ghost is necessarily of the grandmother ? Just because her last rites weren't performed ? Most of the world is non Híndu. Most people are buried,so many die of horrible deaths on the same beds we all sleep (not exactly the beds but the space there since humans are hundreds of thousands of years old there's no way one hasn't died in your house). Had this last rites thingy was even a case, there would be no ghost deniers like me. I myself live at a place which is said to be a place where capital punishments were given during the British Raj. All this never happened to me. And I won't lie that I haven't experienced any paranormal activity but most were explained because I punch my throbbing and scaredy cat heart and go out to look for anything. 

The thing is, ghosts CAN'T exist. Spirits are not proven till this day and neuroscience points towards the fact that they don't exist at all. But even if you discard that, how can ghosts even logically exist ? A non matter human which so just decided to haunt you for no apparent reason ? Thing is that your mind plays game with yourself. My grandmother, even though she believes in paranormal stuff, says a great thing that the more you fear your fear, the more it will haunt you. It means that if you're letting these kinda things haunt you, they will haunt and it does seems to be a psychological reality. Brain does see things when it really believes in them. Rest all the lights automatically being turned off and someone sleeping with blanket sounds very cheap and i won't buy it. Maybe you had a burglar, maybe you have some underlying mental condition (it's totally okay you can get help for that ) or you're just a karma farming noob 

This is my reply to the original post. The reason I made this post is to show my discontent towards how teens who are supposed to be more rational, logical and scientific still believes in ghosts. But I think there's an undiscussed aspect of ghost belief, mental health. Our people know nothing of it, literally nothing. Ever seen those people acting all chipku? Mental health problem. Or the people who keeps hearing stuff? Mental health problem. A person like me making this post ? Mental health problem... MENTAL HEALTH IS NOT BEING ""PAGAL"". like physical health problems, it can range from very small analogous to cold to very big analogous to blunt trauma or heart attacks.

How many of us actually see within ourselves to see if we have any kind of mental health problem ? We are fine working humans (or so we think so) but guess what cancer, one of the most feared health conditions, is seen in people whom we admire for being healthy. Fellow teens, please be smart and normalise discussions on mental health. Alot of you people are also suffering, even I am but it's never apparent because we laugh, live, eat like others but deep down, we are very broken. Even if you have no problem with your family, friends or people in general, you can still have your mental health screwed up because of environmental factors. Even potholes on roads makes a person chronically irritated which can in turn increase their aggression over things.";I mean like, I believe in ghosts and shit, but like I ain't tattlin' to the entire fucking internet about it. As long as you can get the rent lowered you can stay;OP is extremely rude about it. But yeah i agree with what you are saying.;Yes;;Auto;genz;Generic;Neg;0;0;Health;;1;0;1;majority;1;0;;1;Emphatic;Trait;0;Oppose;0;0;0;0;0;1;;0;;;;;;;;;;;;;;;;;;Annotated Selftext as Parent.;
;Younger_GenZ;1oe60sx;nl0l7s1;Life if 2012 borns were gen z;;I only count 2011 personally but that's just me;Same, as a 2002 baby, even 2011 is a stretch but 2012 and beyond? The oldest are barley 13, the culture has totally shifted and I have nothing in common with them. I get that I am on the older side of Gen Z but I am about to be starting a master's program to become a social worker and a 2012 baby is still a WHOLE child. We didn't grow up with the same things and aren't two peas in a pod, sorry.;No;Off-topic;;;;;;;;;;;;;;;;;;;;;;;;;;;;;;;;;;;;;;;;;;;;;;;
;GenZ;1oitkps;nly3wku;The start of Gen Z coincides with the year Neon Genesis Evangelion (1995) and The End of Evangelion (1997) premiered. Happy 30th Anniversary!;No wonder why we're so fucked up (iykyk);Probably the most relevant anime given the current times;Return to tang;yes;;Auto;genz;Generic;Neg;0;0;Health;;0;0;0;;0;0;;1;Emphatic;Trait;0;Support;0;0;0;0;0;0;;0;;;;;;;;;;;;;;;;;;;
;GenZIndia;1o9muif;nk4hp77;Gen z of India :;"Use some logic people. Why would a spirit which is devoid of matter even need to turn on/off lights, roam around with ghunghroo sounds, and sleep in blankets ? These are humanly things. No non human would or infact can ever do these things. I won't buy this aahat episode typa story. Lemme tell you I don't believe in ghosts not because I haven't seem them or something but because they can't exist, you just need to use a bit of logic. Secondly these things are just so selective. Like the ghost is necessarily of the grandmother ? Just because her last rites weren't performed ? Most of the world is non Híndu. Most people are buried,so many die of horrible deaths on the same beds we all sleep (not exactly the beds but the space there since humans are hundreds of thousands of years old there's no way one hasn't died in your house). Had this last rites thingy was even a case, there would be no ghost deniers like me. I myself live at a place which is said to be a place where capital punishments were given during the British Raj. All this never happened to me. And I won't lie that I haven't experienced any paranormal activity but most were explained because I punch my throbbing and scaredy cat heart and go out to look for anything. 

The thing is, ghosts CAN'T exist. Spirits are not proven till this day and neuroscience points towards the fact that they don't exist at all. But even if you discard that, how can ghosts even logically exist ? A non matter human which so just decided to haunt you for no apparent reason ? Thing is that your mind plays game with yourself. My grandmother, even though she believes in paranormal stuff, says a great thing that the more you fear your fear, the more it will haunt you. It means that if you're letting these kinda things haunt you, they will haunt and it does seems to be a psychological reality. Brain does see things when it really believes in them. Rest all the lights automatically being turned off and someone sleeping with blanket sounds very cheap and i won't buy it. Maybe you had a burglar, maybe you have some underlying mental condition (it's totally okay you can get help for that ) or you're just a karma farming noob 

This is my reply to the original post. The reason I made this post is to show my discontent towards how teens who are supposed to be more rational, logical and scientific still believes in ghosts. But I think there's an undiscussed aspect of ghost belief, mental health. Our people know nothing of it, literally nothing. Ever seen those people acting all chipku? Mental health problem. Or the people who keeps hearing stuff? Mental health problem. A person like me making this post ? Mental health problem... MENTAL HEALTH IS NOT BEING ""PAGAL"". like physical health problems, it can range from very small analogous to cold to very big analogous to blunt trauma or heart attacks.

How many of us actually see within ourselves to see if we have any kind of mental health problem ? We are fine working humans (or so we think so) but guess what cancer, one of the most feared health conditions, is seen in people whom we admire for being healthy. Fellow teens, please be smart and normalise discussions on mental health. Alot of you people are also suffering, even I am but it's never apparent because we laugh, live, eat like others but deep down, we are very broken. Even if you have no problem with your family, friends or people in general, you can still have your mental health screwed up because of environmental factors. Even potholes on roads makes a person chronically irritated which can in turn increase their aggression over things.";"my biggest fear is that one day I will develop schizophrenia and hallucinate ghosts into existence

you can be rational all you want but when you are in actual scary situation you will lose your shit...or maybe that's just me";">you can be rational all you want but when you are in actual scary situation you will lose your shit...or maybe that's just me

Oh don't worry. Rationale and emotions never work together. I too am afraid of darkness";Yes;;Auto;genz;Generic;Neg;0;0;Health;;1;0;1;majority;1;0;;1;Emphatic;Trait;0;Oppose;0;0;0;1;1;0;;1;Generic;Neutral;0;0;Health;;0;0;1;Universal;1;0;;0;;trait;0;Annotated Selftext as Parent;
;genzmoment;11xzs1c;m4gxclu;Fr do it;;Gen z is not really triggered by this, they use it themselfs a lot.;i posted this a year ago i’ve matured n whatnot since then, how did you even find this lol;No;Off-topic;;;;;;;;;;;;;;;;;;;;;;;;;;;;;;;;;;;;;;;;;;;;;;;
;generationology;1ojuocu;nm74wbi;Why 2010 is considered off cusp Gen Z in my opinion;"Today i'm going to list some reasons as to why 2010 is considerd off cusp Gen Z and how it's firmly Late Gen Z here are some reasons as to why 2010 is firmly Late Gen Z and not on the cusp.
1. Here are some reasons why people born in 2010 are Gen Z
1. They are Mainly 2010s Kids
2. They Completed Majority of K-5 Before Covid
3. They will be Old enough to vote in the 2028 Election along with 07-09s which is a Late Gen Z Coming of Age experience
4. By the time Gen Alpha kid Culture started in Late 2023/Early 2024 People born in 2010 were already Teenagers nearly going to Highschool.
5. They were Pre-Teens/Tweens during the Covid era. The Covid era is 2020-2022 so people born in 2010 were 10-12 during that time and 10-12 is considered the Pre-Teen range even in Early 2023 when WHO Still Considered Covid a Worldwide health emergency Some people born in Early 2010 were Teens when it was still classed as a Worldwide health emergency
6. They will become Adults before the 2030s 
7. They Completed their Core Childhood just before Covid the Core Childhood range is 6-9 and People born in 2010 were 6-9 in 2016-2019 
8. They started School when Obama was still President
9. They started Middle school during the Covid era
10. They started Highschool when Biden was still President 
11. Some say Childhood starts at Age 3 so People born in 2010 are the last to start Childhood in the Early 2010s since 2013 can still be Considered Early 2010s.
12. They were already Teenagers when the AI Boom started
13. By the time Skibidi toilet and Modern Brianrot started in 2023+ it was targeted to those who were Younger than Pre-teens and People born in 2010 were already Teenagers when this started happening
14. They Completed More than half of their K-12 Education by the time AI Chabots and AI as a whole started becoming Mainstream in 2023
15. They were considered as Adolesence during Covid by WHO their Adolesence range is 10-19 Years old

These are my 15 Reasons as to why 2010 can safely be considered Late Gen Z and not on the Cusp they are the last to be Pure Gen Z before the Cusp traits start with 2011 borns.";15 reasons why? should'a made it 13 reasons why 🤣;13 reasons why reference lol;No;Off-topic;;;;;;;;;;;;;;;;;;;;;;;;;;;;;;;;;;;;;;;;;;;;;;;
;OlderGenZ;1odosop;nkvwksg;Fellow Older GenZers, how often do you guys associate with people born after 2004?;;I have Gen Z coworkers born between 2004 and 2005, but that’s about it with my interaction with younger Gen Z;I hope you meant 2006, because that sounds all kinds of illegal otherwise 😂;No;Off-topic;;;;;;;;;;;;;;;;;;;;;;;;;;;;;;;;;;;;;;;;;;;;;;;
;Younger_GenZ;1o3x367;nizolwp;What do yall think of this;What do yall think of this idea since the world was supposed to end in 2012 according to the mayans and Z being the last letter of the Alphabet meaning 2012 could actually make a solid last year for Gen Z.;I think i feel old seeing people born when i was in high school actually typing on here lol;Get used to it is all i can say lol.;No;Off-topic;;;;;;;;;;;;;;;;;;;;;;;;;;;;;;;;;;;;;;;;;;;;;;;
;GenZ;1oiy19b;nlzu1tb;What are some stereotypes about Gen Z that you strongly feel are inaccurate or downright offensive?;;Humans have never had more leisure time, on average, than we do today;Are you implying that people are now working less and relaxing more? What is this based on?;No;Off-topic;;;;;;;;;;;;;;;;;;;;;;;;;;;;;;;;;;;;;;;;;;;;;;;
;GenZ;1ne8nbv;ndmrtw1;Celebrating violence and death will get you banned no exceptions;"As most of you may have heard, Charlie Kirk was killed yesterday. 

While many of us, myself included, strongly disagreed with his political beliefs, celebrating his death or sharing videos of his murder is unbelievably vile and has no place in r/GenZ.

We all know what he said when he was alive, but using that as justification for his murder makes you no better than him. 

He was wrong when he said he didn’t believe in empathy, but if you think that means we shouldn’t have empathy for him now, that makes you a hypocrite.

Any posts celebrating his death or attempting to justify his murder will be removed, and the user will be permanently banned. No exceptions, no second chances.

Thank you.
";I’ve not seen any posts anywhere “celebrating.” I’ve been scrolling instagram and reddit for a few hours and I’ve seen a LOT of people *talking* about how some people are “celebrating” but not anything first hand.;"https://www.tiktok.com/t/ZP8SjFuYQ/

https://www.tiktok.com/t/ZP8SjAPcy/

Not hard to find, there were more shown by right leaning youtube channels but I know a lot of people here would refuse to watch those videos just because of the content creator.

There are people celebrating and it’s honestly quite wild.";No;Off-topic;;;;;;;;;;;;;;;;;;;;;;;;;;;;;;;;;;;;;;;;;;;;;;;
;MiddleGenZ;1ocqlcg;nkofvsr;Why if fnaf so popular with core-late gen z?;;Because it came out when most of us where in our prime childhood years and we were all familiar with Chuck E Cheese (or at least for us Americans). There are also the youtubers and songs that came out because of it.;This!! ☝🏿☝🏿;No;Off-topic;;;;;;;;;;;;;;;;;;;;;;;;;;;;;;;;;;;;;;;;;;;;;;;
;Younger_GenZ;1oe60sx;nkz7seu;Life if 2012 borns were gen z;;It is, but some people say that gen alpha is 2010-2024, I'm confused;Bro who says that that’s very much incorrect 😭😭;No;Off-topic;;;;;;;;;;;;;;;;;;;;;;;;;;;;;;;;;;;;;;;;;;;;;;;
;generationology;1ojqe4f;nm52sig;What does 67 mean;So I have a younger sibling that sometimes says 67 I’m gen z and I’m really confused about it. Is there a meaning or is it nonsense?;I thought it was referring to the guy’s height;It probably referred to multiple things in separate sources, but it coalesced into the meme that it is now.;No;Off-topic;;;;;;;;;;;;;;;;;;;;;;;;;;;;;;;;;;;;;;;;;;;;;;;
;generationology;1ojqe4f;nm556nd;What does 67 mean;So I have a younger sibling that sometimes says 67 I’m gen z and I’m really confused about it. Is there a meaning or is it nonsense?;It’s nonsense;"It is the same as ""6 of one, half dozen of the other"".

You know, 1-6 & 7-12, except, 6-7. 

Meanwhile, I grew up saying some stupid stuff, like totally, rad, gnarly, tubular, grody, bounce, etc.";No;Off-topic;;;;;;;;;;;;;;;;;;;;;;;;;;;;;;;;;;;;;;;;;;;;;;;
;GenZ;1oiqe7g;nlxdub7;Gen Z gooooood?;For youths aged 12‑20 in the US, the average age of first alcohol use was 13.65 years during 1991‑1993.;We prefer weed lol;"This is the real answer.

I'm an ""elder Gen Z"" (1999) and would much rather vape or smoke some pot than drink at this point in my life. Especially since hangovers have gotten worse since I turned 25. I ain't against a drink here or there, but I'd rather be high than drunk in most situations. And weed wasn't exactly as easy to get for older millennials the same way as it is now.";Yes;;Auto;genz;Generic;neutral;0;0;Culture;;0;0;0;;0;0;;0;;behaviour;0;Support;0;0;0;0;0;0;;1;Generic;Neutral;0;0;Culture;;1;0;0;;1;0;;0;;state;0;;
;generationology;1oj0c7m;nm13xlk;My timeline of generations/cusps and their cultural eras.;;I would give Zillennial 2012 and give 2017 to GenZ. The shift I feel definitely happened in 2011 and 2016, at least in my area.;I would give Millenials the first half of 2013 and 2017 Gen Z;No;Off-topic;;;;;;;;;;;;;;;;;;;;;;;;;;;;;;;;;;;;;;;;;;;;;;;